진료년도,상병구분,시도,시군구,성별,환자수,입내원일수,요양급여비용
2024,ADHD,서울,강남구,남,7412 ,54120 ,6033692320 
2024,ADHD,서울,강남구,여,5919 ,43167 ,5328795940 
2024,ADHD,서울,강동구,남,2534 ,20827 ,1493909830 
2024,ADHD,서울,강동구,여,1536 ,11081 ,864939430 
2024,ADHD,서울,강서구,남,2045 ,15542 ,1332906290 
2024,ADHD,서울,강서구,여,1478 ,10066 ,1018202850 
2024,ADHD,서울,관악구,남,1878 ,14842 ,1542151430 
2024,ADHD,서울,관악구,여,1704 ,13238 ,1424920130 
2024,ADHD,서울,구로구,남,1733 ,12132 ,910331900 
2024,ADHD,서울,구로구,여,1390 ,9740 ,917880890 
2024,ADHD,서울,도봉구,남,656 ,5717 ,359671920 
2024,ADHD,서울,도봉구,여,508 ,4108 ,224621050 
2024,ADHD,서울,동대문구,남,1361 ,9910 ,1021558920 
2024,ADHD,서울,동대문구,여,1499 ,11536 ,1264941980 
2024,ADHD,서울,동작구,남,1813 ,14164 ,1559600440 
2024,ADHD,서울,동작구,여,1457 ,12190 ,1318166880 
2024,ADHD,서울,마포구,남,2579 ,19353 ,1866841140 
2024,ADHD,서울,마포구,여,2726 ,19570 ,2062075210 
2024,ADHD,서울,서대문구,남,1522 ,7037 ,752162380 
2024,ADHD,서울,서대문구,여,730 ,4568 ,486303320 
2024,ADHD,서울,성동구,남,1373 ,9898 ,1058129700 
2024,ADHD,서울,성동구,여,1269 ,9104 ,1020758860 
2024,ADHD,서울,성북구,남,1627 ,10531 ,805827750 
2024,ADHD,서울,성북구,여,1126 ,7599 ,649065960 
2024,ADHD,서울,영등포구,남,1851 ,13678 ,1497751590 
2024,ADHD,서울,영등포구,여,1562 ,11961 ,1356182710 
2024,ADHD,서울,용산구,남,641 ,4117 ,494884040 
2024,ADHD,서울,용산구,여,681 ,4344 ,486811060 
2024,ADHD,서울,은평구,남,1474 ,10257 ,821711600 
2024,ADHD,서울,은평구,여,1137 ,8212 ,648966530 
2024,ADHD,서울,종로구,남,2184 ,11391 ,1228785680 
2024,ADHD,서울,종로구,여,1427 ,9267 ,1039740960 
2024,ADHD,서울,중구,남,837 ,5331 ,680790170 
2024,ADHD,서울,중구,여,1044 ,6916 ,887841100 
2024,ADHD,서울,송파구,남,5329 ,39584 ,4471108420 
2024,ADHD,서울,송파구,여,3369 ,25532 ,3112034000 
2024,ADHD,서울,중랑구,남,1512 ,15179 ,1424761350 
2024,ADHD,서울,중랑구,여,1629 ,13619 ,1204979720 
2024,ADHD,서울,양천구,남,2322 ,16995 ,1645660120 
2024,ADHD,서울,양천구,여,1370 ,10139 ,979349400 
2024,ADHD,서울,서초구,남,4060 ,30387 ,3387545720 
2024,ADHD,서울,서초구,여,3480 ,26541 ,3297263790 
2024,ADHD,서울,노원구,남,2099 ,16043 ,1250980810 
2024,ADHD,서울,노원구,여,1362 ,10541 ,793697490 
2024,ADHD,서울,광진구,남,1740 ,11919 ,1144493700 
2024,ADHD,서울,광진구,여,1498 ,11590 ,1337283660 
2024,ADHD,서울,강북구,남,530 ,3499 ,481288890 
2024,ADHD,서울,강북구,여,367 ,2152 ,275605430 
2024,ADHD,서울,금천구,남,445 ,3363 ,424850610 
2024,ADHD,서울,금천구,여,412 ,3179 ,408824710 
2024,ADHD,부산,부산남구,남,1376 ,11715 ,921426200 
2024,ADHD,부산,부산남구,여,787 ,6942 ,579180320 
2024,ADHD,부산,부산동구,남,33 ,200 ,22638690 
2024,ADHD,부산,부산동구,여,21 ,130 ,12391610 
2024,ADHD,부산,부산동래구,남,1565 ,16572 ,1207833960 
2024,ADHD,부산,부산동래구,여,1048 ,9476 ,784927830 
2024,ADHD,부산,부산진구,남,3357 ,35780 ,2758612980 
2024,ADHD,부산,부산진구,여,1650 ,16003 ,1290990620 
2024,ADHD,부산,부산북구,남,272 ,2399 ,174825570 
2024,ADHD,부산,부산북구,여,290 ,2726 ,194396610 
2024,ADHD,부산,부산서구,남,379 ,2699 ,176212540 
2024,ADHD,부산,부산서구,여,211 ,1810 ,126790120 
2024,ADHD,부산,부산영도구,남,0 ,0 ,0 
2024,ADHD,부산,부산영도구,여,11 ,48 ,2772970 
2024,ADHD,부산,부산중구,남,26 ,154 ,16061960 
2024,ADHD,부산,부산중구,여,28 ,200 ,22382170 
2024,ADHD,부산,부산해운대구,남,2245 ,20667 ,1371479980 
2024,ADHD,부산,부산해운대구,여,1208 ,10647 ,887465760 
2024,ADHD,부산,부산사하구,남,513 ,5349 ,460837490 
2024,ADHD,부산,부산사하구,여,341 ,2903 ,238628050 
2024,ADHD,부산,부산금정구,남,249 ,1910 ,141204300 
2024,ADHD,부산,부산금정구,여,252 ,1873 ,135179430 
2024,ADHD,부산,부산강서구,남,69 ,488 ,33373230 
2024,ADHD,부산,부산강서구,여,53 ,307 ,28702740 
2024,ADHD,부산,부산연제구,남,2580 ,24436 ,2419433800 
2024,ADHD,부산,부산연제구,여,1357 ,11681 ,1177173500 
2024,ADHD,부산,부산수영구,남,491 ,3557 ,315333950 
2024,ADHD,부산,부산수영구,여,475 ,4073 ,338202670 
2024,ADHD,부산,부산사상구,남,964 ,8502 ,980148910 
2024,ADHD,부산,부산사상구,여,596 ,5195 ,515382180 
2024,ADHD,부산,부산기장군,남,728 ,7164 ,707280990 
2024,ADHD,부산,부산기장군,여,397 ,3555 ,310539400 
2024,ADHD,인천,인천미추홀구,남,431 ,2975 ,216445240 
2024,ADHD,인천,인천미추홀구,여,248 ,1908 ,118428440 
2024,ADHD,인천,인천동구,남,59 ,338 ,22529220 
2024,ADHD,인천,인천동구,여,30 ,155 ,17033690 
2024,ADHD,인천,인천부평구,남,796 ,5546 ,574232280 
2024,ADHD,인천,인천부평구,여,663 ,4361 ,494888170 
2024,ADHD,인천,인천중구,남,769 ,3835 ,369850680 
2024,ADHD,인천,인천중구,여,388 ,2369 ,225443200 
2024,ADHD,인천,인천서구,남,2027 ,12952 ,1389382050 
2024,ADHD,인천,인천서구,여,1245 ,7571 ,769216530 
2024,ADHD,인천,인천남동구,남,1659 ,12136 ,928436170 
2024,ADHD,인천,인천남동구,여,1116 ,7658 ,649702470 
2024,ADHD,인천,인천연수구,남,1347 ,9556 ,956261270 
2024,ADHD,인천,인천연수구,여,724 ,4932 ,493323090 
2024,ADHD,인천,인천계양구,남,608 ,5220 ,360710310 
2024,ADHD,인천,인천계양구,여,298 ,2307 ,196610480 
2024,ADHD,인천,인천강화군,남,44 ,629 ,74925590 
2024,ADHD,인천,인천강화군,여,27 ,205 ,21388680 
2024,ADHD,인천,인천옹진군,남,0 ,0 ,0 
2024,ADHD,인천,인천옹진군,여,0 ,0 ,0 
2024,ADHD,대구,대구남구,남,662 ,4225 ,439206760 
2024,ADHD,대구,대구남구,여,221 ,1226 ,119255790 
2024,ADHD,대구,대구동구,남,504 ,3614 ,345369410 
2024,ADHD,대구,대구동구,여,393 ,2895 ,298700810 
2024,ADHD,대구,대구북구,남,1442 ,10455 ,867321140 
2024,ADHD,대구,대구북구,여,939 ,6558 ,586954020 
2024,ADHD,대구,대구서구,남,123 ,954 ,66344230 
2024,ADHD,대구,대구서구,여,58 ,331 ,21084940 
2024,ADHD,대구,대구수성구,남,3193 ,27344 ,2668111220 
2024,ADHD,대구,대구수성구,여,1816 ,14751 ,1459367060 
2024,ADHD,대구,대구중구,남,709 ,5696 ,523162660 
2024,ADHD,대구,대구중구,여,593 ,4043 ,310030310 
2024,ADHD,대구,대구달서구,남,1300 ,10630 ,1032219420 
2024,ADHD,대구,대구달서구,여,671 ,5104 ,481690310 
2024,ADHD,대구,대구달성군,남,415 ,3123 ,283727310 
2024,ADHD,대구,대구달성군,여,338 ,2276 ,194686580 
2024,ADHD,대구,대구군위군,남,0 ,0 ,0 
2024,ADHD,대구,대구군위군,여,0 ,0 ,0 
2024,ADHD,광주,광주동구,남,571 ,3241 ,285913820 
2024,ADHD,광주,광주동구,여,294 ,1709 ,162176330 
2024,ADHD,광주,광주북구,남,1078 ,9495 ,548365980 
2024,ADHD,광주,광주북구,여,502 ,3591 ,252011880 
2024,ADHD,광주,광주서구,남,972 ,7586 ,401443700 
2024,ADHD,광주,광주서구,여,724 ,5204 ,398351750 
2024,ADHD,광주,광주광산구,남,203 ,1741 ,127362890 
2024,ADHD,광주,광주광산구,여,106 ,910 ,71467360 
2024,ADHD,광주,광주남구,남,719 ,5084 ,473305610 
2024,ADHD,광주,광주남구,여,455 ,3149 ,319302460 
2024,ADHD,대전,대전유성구,남,785 ,4994 ,444387100 
2024,ADHD,대전,대전유성구,여,640 ,3986 ,351884130 
2024,ADHD,대전,대전대덕구,남,125 ,1034 ,85053750 
2024,ADHD,대전,대전대덕구,여,108 ,1153 ,97781360 
2024,ADHD,대전,대전서구,남,2973 ,23471 ,1984974650 
2024,ADHD,대전,대전서구,여,1865 ,13905 ,1250602730 
2024,ADHD,대전,대전동구,남,128 ,938 ,67040260 
2024,ADHD,대전,대전동구,여,81 ,502 ,34315390 
2024,ADHD,대전,대전중구,남,770 ,5299 ,456119620 
2024,ADHD,대전,대전중구,여,378 ,3971 ,400208760 
2024,ADHD,울산,울산남구,남,3383 ,29530 ,2063320000 
2024,ADHD,울산,울산남구,여,1580 ,12387 ,906953330 
2024,ADHD,울산,울산동구,남,102 ,577 ,103978020 
2024,ADHD,울산,울산동구,여,29 ,159 ,26170290 
2024,ADHD,울산,울산중구,남,105 ,634 ,33388340 
2024,ADHD,울산,울산중구,여,60 ,356 ,20792050 
2024,ADHD,울산,울산북구,남,105 ,717 ,50401680 
2024,ADHD,울산,울산북구,여,83 ,527 ,35325410 
2024,ADHD,울산,울산울주군,남,23 ,175 ,15805220 
2024,ADHD,울산,울산울주군,여,0 ,0 ,0 
2024,ADHD,경기,가평군,남,0 ,0 ,0 
2024,ADHD,경기,가평군,여,0 ,0 ,0 
2024,ADHD,경기,양평군,남,28 ,85 ,4808830 
2024,ADHD,경기,양평군,여,14 ,44 ,1713500 
2024,ADHD,경기,연천군,남,23 ,99 ,10907390 
2024,ADHD,경기,연천군,여,13 ,52 ,4538190 
2024,ADHD,경기,광명시,남,880 ,7449 ,885022090 
2024,ADHD,경기,광명시,여,558 ,4127 ,458400950 
2024,ADHD,경기,동두천시,남,244 ,1774 ,112498560 
2024,ADHD,경기,동두천시,여,144 ,939 ,56644160 
2024,ADHD,경기,부천시,남,0 ,0 ,0 
2024,ADHD,경기,부천시,여,0 ,0 ,0 
2024,ADHD,경기,부천소사구,남,301 ,6963 ,863543620 
2024,ADHD,경기,부천소사구,여,201 ,3491 ,418487290 
2024,ADHD,경기,부천오정구,남,0 ,0 ,0 
2024,ADHD,경기,부천오정구,여,0 ,0 ,0 
2024,ADHD,경기,부천원미구,남,2713 ,19862 ,1628890170 
2024,ADHD,경기,부천원미구,여,1368 ,10257 ,882805260 
2024,ADHD,경기,성남수정구,남,614 ,4786 ,487014690 
2024,ADHD,경기,성남수정구,여,374 ,2763 ,252081330 
2024,ADHD,경기,성남중원구,남,390 ,2959 ,309801790 
2024,ADHD,경기,성남중원구,여,289 ,1851 ,187472580 
2024,ADHD,경기,성남분당구,남,5258 ,37521 ,2854914570 
2024,ADHD,경기,성남분당구,여,3494 ,24119 ,2107420030 
2024,ADHD,경기,수원권선구,남,332 ,2185 ,161613520 
2024,ADHD,경기,수원권선구,여,210 ,1381 ,102348560 
2024,ADHD,경기,수원장안구,남,868 ,6480 ,528756380 
2024,ADHD,경기,수원장안구,여,522 ,4506 ,365452300 
2024,ADHD,경기,수원팔달구,남,2542 ,17820 ,2149096970 
2024,ADHD,경기,수원팔달구,여,2252 ,15671 ,1981147730 
2024,ADHD,경기,수원영통구,남,2853 ,17780 ,1503507790 
2024,ADHD,경기,수원영통구,여,1649 ,10594 ,939796950 
2024,ADHD,경기,안양만안구,남,499 ,3320 ,373587920 
2024,ADHD,경기,안양만안구,여,283 ,1652 ,177014520 
2024,ADHD,경기,안양동안구,남,2388 ,17779 ,1358578440 
2024,ADHD,경기,안양동안구,여,1383 ,10438 ,941132950 
2024,ADHD,경기,의정부시,남,2061 ,16632 ,1474888140 
2024,ADHD,경기,의정부시,여,1001 ,8165 ,706262240 
2024,ADHD,경기,과천시,남,55 ,472 ,49059670 
2024,ADHD,경기,과천시,여,66 ,444 ,47771200 
2024,ADHD,경기,구리시,남,656 ,4722 ,252544830 
2024,ADHD,경기,구리시,여,346 ,2421 ,170678000 
2024,ADHD,경기,안산단원구,남,1128 ,9375 ,678579220 
2024,ADHD,경기,안산단원구,여,471 ,3655 ,277310410 
2024,ADHD,경기,안산상록구,남,67 ,530 ,40731680 
2024,ADHD,경기,안산상록구,여,29 ,223 ,17405240 
2024,ADHD,경기,평택시,남,1793 ,12760 ,1300851460 
2024,ADHD,경기,평택시,여,1096 ,7854 ,820630310 
2024,ADHD,경기,하남시,남,1399 ,9228 ,1101578600 
2024,ADHD,경기,하남시,여,945 ,6727 ,738234600 
2024,ADHD,경기,군포시,남,558 ,4757 ,522519740 
2024,ADHD,경기,군포시,여,458 ,3474 ,391631760 
2024,ADHD,경기,남양주시,남,1638 ,11367 ,1173665690 
2024,ADHD,경기,남양주시,여,1104 ,7908 ,799213710 
2024,ADHD,경기,의왕시,남,41 ,554 ,67702660 
2024,ADHD,경기,의왕시,여,14 ,102 ,7657040 
2024,ADHD,경기,시흥시,남,852 ,6722 ,681613680 
2024,ADHD,경기,시흥시,여,501 ,4160 ,450687980 
2024,ADHD,경기,오산시,남,461 ,3831 ,433203260 
2024,ADHD,경기,오산시,여,177 ,1168 ,135488290 
2024,ADHD,경기,고양덕양구,남,1233 ,9319 ,944242730 
2024,ADHD,경기,고양덕양구,여,1031 ,8397 ,860364310 
2024,ADHD,경기,고양일산서구,남,1048 ,8506 ,459407940 
2024,ADHD,경기,고양일산서구,여,598 ,4798 ,297581640 
2024,ADHD,경기,고양일산동구,남,1725 ,12247 ,751140500 
2024,ADHD,경기,고양일산동구,여,821 ,5998 ,417848600 
2024,ADHD,경기,용인기흥구,남,1016 ,7706 ,529592340 
2024,ADHD,경기,용인기흥구,여,848 ,6674 ,457085760 
2024,ADHD,경기,용인수지구,남,1507 ,10798 ,1043432550 
2024,ADHD,경기,용인수지구,여,749 ,5103 ,465117010 
2024,ADHD,경기,용인처인구,남,306 ,1713 ,147745950 
2024,ADHD,경기,용인처인구,여,314 ,2008 ,187810180 
2024,ADHD,경기,이천시,남,381 ,2108 ,180513850 
2024,ADHD,경기,이천시,여,255 ,1202 ,116837420 
2024,ADHD,경기,파주시,남,1121 ,9210 ,893637710 
2024,ADHD,경기,파주시,여,759 ,6290 ,580523990 
2024,ADHD,경기,김포시,남,1153 ,7988 ,607470770 
2024,ADHD,경기,김포시,여,723 ,4672 ,379582900 
2024,ADHD,경기,안성시,남,51 ,387 ,21894300 
2024,ADHD,경기,안성시,여,35 ,123 ,8449930 
2024,ADHD,경기,화성시,남,2495 ,17791 ,1785736670 
2024,ADHD,경기,화성시,여,1330 ,8723 ,893127140 
2024,ADHD,경기,광주시,남,695 ,5394 ,551493500 
2024,ADHD,경기,광주시,여,336 ,2477 ,259422710 
2024,ADHD,경기,양주시,남,162 ,941 ,66550760 
2024,ADHD,경기,양주시,여,130 ,689 ,47147080 
2024,ADHD,경기,포천시,남,16 ,54 ,2246500 
2024,ADHD,경기,포천시,여,0 ,0 ,0 
2024,ADHD,경기,여주시,남,159 ,1598 ,72934570 
2024,ADHD,경기,여주시,여,75 ,525 ,19908150 
2024,ADHD,강원,고성군,남,0 ,0 ,0 
2024,ADHD,강원,고성군,여,0 ,0 ,0 
2024,ADHD,강원,양구군,남,0 ,0 ,0 
2024,ADHD,강원,양구군,여,0 ,0 ,0 
2024,ADHD,강원,양양군,남,0 ,0 ,0 
2024,ADHD,강원,양양군,여,0 ,0 ,0 
2024,ADHD,강원,영월군,남,0 ,0 ,0 
2024,ADHD,강원,영월군,여,0 ,0 ,0 
2024,ADHD,강원,인제군,남,0 ,0 ,0 
2024,ADHD,강원,인제군,여,0 ,0 ,0 
2024,ADHD,강원,정선군,남,0 ,0 ,0 
2024,ADHD,강원,정선군,여,0 ,0 ,0 
2024,ADHD,강원,철원군,남,0 ,0 ,0 
2024,ADHD,강원,철원군,여,0 ,0 ,0 
2024,ADHD,강원,평창군,남,0 ,0 ,0 
2024,ADHD,강원,평창군,여,0 ,0 ,0 
2024,ADHD,강원,홍천군,남,0 ,0 ,0 
2024,ADHD,강원,홍천군,여,0 ,0 ,0 
2024,ADHD,강원,화천군,남,0 ,0 ,0 
2024,ADHD,강원,화천군,여,0 ,0 ,0 
2024,ADHD,강원,횡성군,남,0 ,0 ,0 
2024,ADHD,강원,횡성군,여,0 ,0 ,0 
2024,ADHD,강원,강릉시,남,612 ,3659 ,296831010 
2024,ADHD,강원,강릉시,여,254 ,1403 ,110216600 
2024,ADHD,강원,동해시,남,12 ,34 ,1831490 
2024,ADHD,강원,동해시,여,0 ,0 ,0 
2024,ADHD,강원,속초시,남,32 ,189 ,7384810 
2024,ADHD,강원,속초시,여,20 ,112 ,4287990 
2024,ADHD,강원,원주시,남,1217 ,8530 ,778398120 
2024,ADHD,강원,원주시,여,584 ,3643 ,287259090 
2024,ADHD,강원,춘천시,남,1077 ,6740 ,425480750 
2024,ADHD,강원,춘천시,여,483 ,2569 ,195272650 
2024,ADHD,강원,태백시,남,11 ,112 ,7436530 
2024,ADHD,강원,태백시,여,0 ,0 ,0 
2024,ADHD,강원,삼척시,남,87 ,647 ,65658840 
2024,ADHD,강원,삼척시,여,109 ,722 ,75230120 
2024,ADHD,충북,괴산군,남,11 ,38 ,2005630 
2024,ADHD,충북,괴산군,여,0 ,0 ,0 
2024,ADHD,충북,단양군,남,0 ,0 ,0 
2024,ADHD,충북,단양군,여,0 ,0 ,0 
2024,ADHD,충북,보은군,남,10 ,176 ,15369900 
2024,ADHD,충북,보은군,여,0 ,0 ,0 
2024,ADHD,충북,영동군,남,11 ,83 ,3446970 
2024,ADHD,충북,영동군,여,0 ,0 ,0 
2024,ADHD,충북,옥천군,남,11 ,34 ,1371950 
2024,ADHD,충북,옥천군,여,0 ,0 ,0 
2024,ADHD,충북,음성군,남,30 ,265 ,21579010 
2024,ADHD,충북,음성군,여,0 ,0 ,0 
2024,ADHD,충북,진천군,남,73 ,404 ,36510130 
2024,ADHD,충북,진천군,여,51 ,289 ,23096880 
2024,ADHD,충북,증평군,남,0 ,0 ,0 
2024,ADHD,충북,증평군,여,0 ,0 ,0 
2024,ADHD,충북,청주상당구,남,351 ,2012 ,192247420 
2024,ADHD,충북,청주상당구,여,277 ,1397 ,142579400 
2024,ADHD,충북,청주흥덕구,남,1539 ,9763 ,697840260 
2024,ADHD,충북,청주흥덕구,여,792 ,4920 ,335732280 
2024,ADHD,충북,청주청원구,남,617 ,3342 ,247045420 
2024,ADHD,충북,청주청원구,여,361 ,2246 ,159550080 
2024,ADHD,충북,청주서원구,남,366 ,1529 ,116410080 
2024,ADHD,충북,청주서원구,여,86 ,293 ,21886970 
2024,ADHD,충북,충주시,남,272 ,2172 ,152150100 
2024,ADHD,충북,충주시,여,70 ,628 ,47996580 
2024,ADHD,충북,제천시,남,30 ,263 ,18536270 
2024,ADHD,충북,제천시,여,0 ,0 ,0 
2024,ADHD,충남,금산군,남,35 ,337 ,18975180 
2024,ADHD,충남,금산군,여,0 ,0 ,0 
2024,ADHD,충남,부여군,남,25 ,74 ,3762580 
2024,ADHD,충남,부여군,여,0 ,0 ,0 
2024,ADHD,충남,서천군,남,0 ,0 ,0 
2024,ADHD,충남,서천군,여,0 ,0 ,0 
2024,ADHD,충남,예산군,남,210 ,1579 ,145182110 
2024,ADHD,충남,예산군,여,108 ,695 ,63174330 
2024,ADHD,충남,청양군,남,0 ,0 ,0 
2024,ADHD,충남,청양군,여,0 ,0 ,0 
2024,ADHD,충남,홍성군,남,34 ,244 ,21178390 
2024,ADHD,충남,홍성군,여,22 ,113 ,10281010 
2024,ADHD,충남,태안군,남,0 ,0 ,0 
2024,ADHD,충남,태안군,여,0 ,0 ,0 
2024,ADHD,충남,천안서북구,남,998 ,7964 ,796161330 
2024,ADHD,충남,천안서북구,여,719 ,5302 ,502749760 
2024,ADHD,충남,천안동남구,남,827 ,5392 ,372532850 
2024,ADHD,충남,천안동남구,여,458 ,3217 ,221557010 
2024,ADHD,충남,공주시,남,134 ,954 ,108685240 
2024,ADHD,충남,공주시,여,53 ,237 ,24593560 
2024,ADHD,충남,보령시,남,42 ,259 ,9048490 
2024,ADHD,충남,보령시,여,23 ,142 ,6663690 
2024,ADHD,충남,아산시,남,1561 ,12571 ,636638420 
2024,ADHD,충남,아산시,여,613 ,4219 ,263177690 
2024,ADHD,충남,서산시,남,187 ,1093 ,38356950 
2024,ADHD,충남,서산시,여,74 ,408 ,16281320 
2024,ADHD,충남,논산시,남,66 ,300 ,24510400 
2024,ADHD,충남,논산시,여,21 ,80 ,6918530 
2024,ADHD,충남,계룡시,남,0 ,0 ,0 
2024,ADHD,충남,계룡시,여,0 ,0 ,0 
2024,ADHD,충남,당진시,남,283 ,2000 ,135564050 
2024,ADHD,충남,당진시,여,77 ,466 ,31957040 
2024,ADHD,전북,고창군,남,0 ,0 ,0 
2024,ADHD,전북,고창군,여,0 ,0 ,0 
2024,ADHD,전북,무주군,남,0 ,0 ,0 
2024,ADHD,전북,무주군,여,0 ,0 ,0 
2024,ADHD,전북,부안군,남,10 ,46 ,1720800 
2024,ADHD,전북,부안군,여,0 ,0 ,0 
2024,ADHD,전북,순창군,남,0 ,0 ,0 
2024,ADHD,전북,순창군,여,0 ,0 ,0 
2024,ADHD,전북,완주군,남,113 ,614 ,66094210 
2024,ADHD,전북,완주군,여,69 ,432 ,43889690 
2024,ADHD,전북,임실군,남,0 ,0 ,0 
2024,ADHD,전북,임실군,여,0 ,0 ,0 
2024,ADHD,전북,장수군,남,0 ,0 ,0 
2024,ADHD,전북,장수군,여,0 ,0 ,0 
2024,ADHD,전북,진안군,남,0 ,0 ,0 
2024,ADHD,전북,진안군,여,0 ,0 ,0 
2024,ADHD,전북,군산시,남,376 ,2843 ,246280480 
2024,ADHD,전북,군산시,여,231 ,1346 ,114213130 
2024,ADHD,전북,남원시,남,0 ,0 ,0 
2024,ADHD,전북,남원시,여,0 ,0 ,0 
2024,ADHD,전북,익산시,남,443 ,3060 ,332225050 
2024,ADHD,전북,익산시,여,199 ,1410 ,144094000 
2024,ADHD,전북,전주완산구,남,1113 ,8816 ,590206480 
2024,ADHD,전북,전주완산구,여,737 ,5334 ,424530900 
2024,ADHD,전북,전주덕진구,남,1046 ,6087 ,522104850 
2024,ADHD,전북,전주덕진구,여,464 ,2633 ,221314550 
2024,ADHD,전북,정읍시,남,79 ,416 ,23155120 
2024,ADHD,전북,정읍시,여,28 ,114 ,5187040 
2024,ADHD,전북,김제시,남,56 ,361 ,17689180 
2024,ADHD,전북,김제시,여,14 ,116 ,6148070 
2024,ADHD,전남,강진군,남,15 ,53 ,7226450 
2024,ADHD,전남,강진군,여,13 ,28 ,2727190 
2024,ADHD,전남,고흥군,남,19 ,218 ,13238990 
2024,ADHD,전남,고흥군,여,0 ,0 ,0 
2024,ADHD,전남,곡성군,남,0 ,0 ,0 
2024,ADHD,전남,곡성군,여,0 ,0 ,0 
2024,ADHD,전남,구례군,남,14 ,97 ,3551460 
2024,ADHD,전남,구례군,여,12 ,70 ,2786890 
2024,ADHD,전남,담양군,남,55 ,353 ,34560180 
2024,ADHD,전남,담양군,여,27 ,166 ,17005810 
2024,ADHD,전남,무안군,남,0 ,0 ,0 
2024,ADHD,전남,무안군,여,0 ,0 ,0 
2024,ADHD,전남,보성군,남,0 ,0 ,0 
2024,ADHD,전남,보성군,여,0 ,0 ,0 
2024,ADHD,전남,신안군,남,0 ,0 ,0 
2024,ADHD,전남,신안군,여,0 ,0 ,0 
2024,ADHD,전남,영광군,남,59 ,363 ,30020040 
2024,ADHD,전남,영광군,여,26 ,157 ,10793990 
2024,ADHD,전남,영암군,남,0 ,0 ,0 
2024,ADHD,전남,영암군,여,0 ,0 ,0 
2024,ADHD,전남,완도군,남,0 ,0 ,0 
2024,ADHD,전남,완도군,여,0 ,0 ,0 
2024,ADHD,전남,장성군,남,0 ,0 ,0 
2024,ADHD,전남,장성군,여,0 ,0 ,0 
2024,ADHD,전남,장흥군,남,0 ,0 ,0 
2024,ADHD,전남,장흥군,여,0 ,0 ,0 
2024,ADHD,전남,진도군,남,0 ,0 ,0 
2024,ADHD,전남,진도군,여,0 ,0 ,0 
2024,ADHD,전남,함평군,남,18 ,98 ,11081580 
2024,ADHD,전남,함평군,여,10 ,36 ,4447000 
2024,ADHD,전남,해남군,남,93 ,454 ,51995730 
2024,ADHD,전남,해남군,여,23 ,97 ,12797210 
2024,ADHD,전남,화순군,남,23 ,213 ,21804780 
2024,ADHD,전남,화순군,여,10 ,57 ,3959870 
2024,ADHD,전남,나주시,남,366 ,2385 ,254334800 
2024,ADHD,전남,나주시,여,149 ,914 ,92828740 
2024,ADHD,전남,목포시,남,541 ,3777 ,220875440 
2024,ADHD,전남,목포시,여,326 ,2155 ,134475030 
2024,ADHD,전남,순천시,남,728 ,5137 ,573829370 
2024,ADHD,전남,순천시,여,376 ,2339 ,241611110 
2024,ADHD,전남,여수시,남,454 ,4016 ,227872740 
2024,ADHD,전남,여수시,여,152 ,1129 ,66029950 
2024,ADHD,전남,광양시,남,256 ,1513 ,113464060 
2024,ADHD,전남,광양시,여,86 ,371 ,35256870 
2024,ADHD,경북,고령군,남,0 ,0 ,0 
2024,ADHD,경북,고령군,여,0 ,0 ,0 
2024,ADHD,경북,군위군,남,0 ,0 ,0 
2024,ADHD,경북,군위군,여,0 ,0 ,0 
2024,ADHD,경북,봉화군,남,0 ,0 ,0 
2024,ADHD,경북,봉화군,여,0 ,0 ,0 
2024,ADHD,경북,성주군,남,0 ,0 ,0 
2024,ADHD,경북,성주군,여,0 ,0 ,0 
2024,ADHD,경북,영덕군,남,0 ,0 ,0 
2024,ADHD,경북,영덕군,여,0 ,0 ,0 
2024,ADHD,경북,영양군,남,0 ,0 ,0 
2024,ADHD,경북,영양군,여,0 ,0 ,0 
2024,ADHD,경북,예천군,남,0 ,0 ,0 
2024,ADHD,경북,예천군,여,0 ,0 ,0 
2024,ADHD,경북,울릉군,남,0 ,0 ,0 
2024,ADHD,경북,울릉군,여,0 ,0 ,0 
2024,ADHD,경북,울진군,남,0 ,0 ,0 
2024,ADHD,경북,울진군,여,0 ,0 ,0 
2024,ADHD,경북,의성군,남,0 ,0 ,0 
2024,ADHD,경북,의성군,여,0 ,0 ,0 
2024,ADHD,경북,청도군,남,0 ,0 ,0 
2024,ADHD,경북,청도군,여,0 ,0 ,0 
2024,ADHD,경북,청송군,남,0 ,0 ,0 
2024,ADHD,경북,청송군,여,0 ,0 ,0 
2024,ADHD,경북,칠곡군,남,75 ,340 ,20091900 
2024,ADHD,경북,칠곡군,여,17 ,100 ,5328480 
2024,ADHD,경북,경주시,남,172 ,1351 ,112736310 
2024,ADHD,경북,경주시,여,95 ,775 ,67132040 
2024,ADHD,경북,구미시,남,1116 ,7889 ,747500090 
2024,ADHD,경북,구미시,여,478 ,2749 ,251344210 
2024,ADHD,경북,김천시,남,112 ,778 ,53239320 
2024,ADHD,경북,김천시,여,50 ,331 ,18811860 
2024,ADHD,경북,안동시,남,136 ,685 ,30157610 
2024,ADHD,경북,안동시,여,59 ,267 ,14797610 
2024,ADHD,경북,영주시,남,37 ,240 ,7860090 
2024,ADHD,경북,영주시,여,0 ,0 ,0 
2024,ADHD,경북,영천시,남,18 ,144 ,9671700 
2024,ADHD,경북,영천시,여,0 ,0 ,0 
2024,ADHD,경북,포항남구,남,194 ,1465 ,155748620 
2024,ADHD,경북,포항남구,여,80 ,538 ,59474300 
2024,ADHD,경북,포항북구,남,926 ,7129 ,875089670 
2024,ADHD,경북,포항북구,여,378 ,2422 ,283620850 
2024,ADHD,경북,문경시,남,20 ,75 ,2312730 
2024,ADHD,경북,문경시,여,0 ,0 ,0 
2024,ADHD,경북,상주시,남,33 ,197 ,9346880 
2024,ADHD,경북,상주시,여,15 ,50 ,3003230 
2024,ADHD,경북,경산시,남,743 ,3560 ,509476730 
2024,ADHD,경북,경산시,여,501 ,2126 ,302570020 
2024,ADHD,경남,거창군,남,0 ,0 ,0 
2024,ADHD,경남,거창군,여,0 ,0 ,0 
2024,ADHD,경남,고성군,남,0 ,0 ,0 
2024,ADHD,경남,고성군,여,0 ,0 ,0 
2024,ADHD,경남,남해군,남,0 ,0 ,0 
2024,ADHD,경남,남해군,여,0 ,0 ,0 
2024,ADHD,경남,산청군,남,0 ,0 ,0 
2024,ADHD,경남,산청군,여,0 ,0 ,0 
2024,ADHD,경남,의령군,남,0 ,0 ,0 
2024,ADHD,경남,의령군,여,0 ,0 ,0 
2024,ADHD,경남,창녕군,남,33 ,477 ,38772090 
2024,ADHD,경남,창녕군,여,0 ,0 ,0 
2024,ADHD,경남,하동군,남,0 ,0 ,0 
2024,ADHD,경남,하동군,여,0 ,0 ,0 
2024,ADHD,경남,함안군,남,0 ,0 ,0 
2024,ADHD,경남,함안군,여,0 ,0 ,0 
2024,ADHD,경남,함양군,남,16 ,58 ,2203180 
2024,ADHD,경남,함양군,여,14 ,41 ,1747510 
2024,ADHD,경남,합천군,남,0 ,0 ,0 
2024,ADHD,경남,합천군,여,0 ,0 ,0 
2024,ADHD,경남,김해시,남,953 ,8505 ,827505120 
2024,ADHD,경남,김해시,여,430 ,3239 ,295292890 
2024,ADHD,경남,사천시,남,37 ,262 ,25116440 
2024,ADHD,경남,사천시,여,14 ,40 ,2925910 
2024,ADHD,경남,진주시,남,1519 ,8406 ,554287450 
2024,ADHD,경남,진주시,여,723 ,3917 ,282353780 
2024,ADHD,경남,창원마산회원구,남,716 ,3856 ,350734330 
2024,ADHD,경남,창원마산회원구,여,473 ,3666 ,341700270 
2024,ADHD,경남,창원마산합포구,남,201 ,972 ,75321180 
2024,ADHD,경남,창원마산합포구,여,113 ,573 ,34454750 
2024,ADHD,경남,창원진해구,남,58 ,246 ,19310030 
2024,ADHD,경남,창원진해구,여,33 ,243 ,21023120 
2024,ADHD,경남,창원의창구,남,85 ,527 ,41660600 
2024,ADHD,경남,창원의창구,여,54 ,359 ,27909950 
2024,ADHD,경남,창원성산구,남,1638 ,10942 ,974638700 
2024,ADHD,경남,창원성산구,여,994 ,7410 ,640685340 
2024,ADHD,경남,통영시,남,168 ,1230 ,42087720 
2024,ADHD,경남,통영시,여,88 ,673 ,22851560 
2024,ADHD,경남,밀양시,남,142 ,1110 ,118405910 
2024,ADHD,경남,밀양시,여,56 ,303 ,32282140 
2024,ADHD,경남,거제시,남,392 ,2447 ,125807700 
2024,ADHD,경남,거제시,여,208 ,974 ,41222540 
2024,ADHD,경남,양산시,남,1126 ,5824 ,461230210 
2024,ADHD,경남,양산시,여,494 ,2601 ,213968850 
2024,ADHD,제주,서귀포시,남,389 ,3081 ,181052660 
2024,ADHD,제주,서귀포시,여,251 ,1749 ,116668330 
2024,ADHD,제주,제주시,남,1780 ,13476 ,1146271120 
2024,ADHD,제주,제주시,여,1177 ,8506 ,706853620 
2024,ADHD,세종,세종시,남,1866 ,11928 ,1050096910 
2024,ADHD,세종,세종시,여,968 ,6052 ,550041300 
2024,불면증,서울,강남구,남,8366 ,31674 ,1493630780 
2024,불면증,서울,강남구,여,13533 ,56311 ,2857591190 
2024,불면증,서울,강동구,남,3406 ,13929 ,549411250 
2024,불면증,서울,강동구,여,4740 ,19442 ,708650840 
2024,불면증,서울,강서구,남,3596 ,15076 ,826197860 
2024,불면증,서울,강서구,여,5966 ,24639 ,1287582640 
2024,불면증,서울,관악구,남,2983 ,12474 ,435400360 
2024,불면증,서울,관악구,여,3820 ,15302 ,607415880 
2024,불면증,서울,구로구,남,2330 ,8436 ,262225640 
2024,불면증,서울,구로구,여,3635 ,12704 ,415463400 
2024,불면증,서울,도봉구,남,1728 ,7529 ,193442760 
2024,불면증,서울,도봉구,여,2703 ,10440 ,277896190 
2024,불면증,서울,동대문구,남,2172 ,8578 ,332033230 
2024,불면증,서울,동대문구,여,3150 ,12005 ,440773390 
2024,불면증,서울,동작구,남,2386 ,10298 ,395245430 
2024,불면증,서울,동작구,여,3829 ,14638 ,600213020 
2024,불면증,서울,마포구,남,2482 ,10047 ,422668490 
2024,불면증,서울,마포구,여,3663 ,15117 ,677924030 
2024,불면증,서울,서대문구,남,2033 ,9353 ,353209040 
2024,불면증,서울,서대문구,여,3416 ,14535 ,532713770 
2024,불면증,서울,성동구,남,1652 ,6506 ,272323320 
2024,불면증,서울,성동구,여,2737 ,10621 ,444926460 
2024,불면증,서울,성북구,남,1592 ,6117 ,199660110 
2024,불면증,서울,성북구,여,2796 ,9803 ,326083340 
2024,불면증,서울,영등포구,남,2991 ,10148 ,419662340 
2024,불면증,서울,영등포구,여,4227 ,14693 ,625393580 
2024,불면증,서울,용산구,남,1494 ,5093 ,189808760 
2024,불면증,서울,용산구,여,2250 ,7606 ,307001150 
2024,불면증,서울,은평구,남,2676 ,11169 ,417824350 
2024,불면증,서울,은평구,여,4881 ,20479 ,839051130 
2024,불면증,서울,종로구,남,2441 ,9561 ,581958380 
2024,불면증,서울,종로구,여,3703 ,14274 ,926105200 
2024,불면증,서울,중구,남,1833 ,6831 ,311599440 
2024,불면증,서울,중구,여,2315 ,8271 ,376384470 
2024,불면증,서울,송파구,남,4276 ,14891 ,672864970 
2024,불면증,서울,송파구,여,7564 ,25649 ,1028767970 
2024,불면증,서울,중랑구,남,2395 ,10338 ,360763270 
2024,불면증,서울,중랑구,여,3869 ,16498 ,627741120 
2024,불면증,서울,양천구,남,2391 ,9819 ,350005590 
2024,불면증,서울,양천구,여,4261 ,17558 ,682139930 
2024,불면증,서울,서초구,남,3628 ,13606 ,632250870 
2024,불면증,서울,서초구,여,6134 ,22865 ,1021939030 
2024,불면증,서울,노원구,남,2535 ,9974 ,265753570 
2024,불면증,서울,노원구,여,4626 ,18179 ,511307550 
2024,불면증,서울,광진구,남,2172 ,8178 ,431733970 
2024,불면증,서울,광진구,여,3756 ,14231 ,781370900 
2024,불면증,서울,강북구,남,1741 ,7943 ,245016000 
2024,불면증,서울,강북구,여,3280 ,16382 ,524105460 
2024,불면증,서울,금천구,남,1268 ,4443 ,182535270 
2024,불면증,서울,금천구,여,1666 ,4645 ,145272130 
2024,불면증,부산,부산남구,남,1662 ,8417 ,378892980 
2024,불면증,부산,부산남구,여,2731 ,12381 ,541862610 
2024,불면증,부산,부산동구,남,1023 ,5430 ,192553630 
2024,불면증,부산,부산동구,여,1619 ,8926 ,313585630 
2024,불면증,부산,부산동래구,남,1617 ,7184 ,290209630 
2024,불면증,부산,부산동래구,여,2828 ,12832 ,510574240 
2024,불면증,부산,부산진구,남,3489 ,19916 ,797321290 
2024,불면증,부산,부산진구,여,5803 ,32926 ,1323112370 
2024,불면증,부산,부산북구,남,1590 ,8060 ,284378880 
2024,불면증,부산,부산북구,여,2703 ,13100 ,466995130 
2024,불면증,부산,부산서구,남,566 ,2245 ,72320990 
2024,불면증,부산,부산서구,여,828 ,3021 ,88795160 
2024,불면증,부산,부산영도구,남,733 ,3436 ,80793750 
2024,불면증,부산,부산영도구,여,1049 ,4573 ,108083670 
2024,불면증,부산,부산중구,남,476 ,2169 ,73772790 
2024,불면증,부산,부산중구,여,842 ,3999 ,139418080 
2024,불면증,부산,부산해운대구,남,2942 ,13597 ,592106620 
2024,불면증,부산,부산해운대구,여,5274 ,24221 ,1047114180 
2024,불면증,부산,부산사하구,남,2412 ,13213 ,468434200 
2024,불면증,부산,부산사하구,여,3856 ,21804 ,761893560 
2024,불면증,부산,부산금정구,남,1689 ,7419 ,227103500 
2024,불면증,부산,부산금정구,여,2534 ,10733 ,319331070 
2024,불면증,부산,부산강서구,남,589 ,1900 ,51858280 
2024,불면증,부산,부산강서구,여,720 ,2423 ,55763690 
2024,불면증,부산,부산연제구,남,1713 ,8201 ,301498260 
2024,불면증,부산,부산연제구,여,2893 ,12318 ,453558600 
2024,불면증,부산,부산수영구,남,1337 ,6208 ,249298340 
2024,불면증,부산,부산수영구,여,2163 ,9598 ,386059890 
2024,불면증,부산,부산사상구,남,2029 ,10435 ,422802370 
2024,불면증,부산,부산사상구,여,1955 ,9638 ,341903970 
2024,불면증,부산,부산기장군,남,1138 ,4442 ,155642500 
2024,불면증,부산,부산기장군,여,1743 ,7716 ,278238160 
2024,불면증,인천,인천미추홀구,남,2228 ,9022 ,300178020 
2024,불면증,인천,인천미추홀구,여,3297 ,14327 ,473807950 
2024,불면증,인천,인천동구,남,331 ,1226 ,34016310 
2024,불면증,인천,인천동구,여,421 ,1510 ,42544930 
2024,불면증,인천,인천부평구,남,2943 ,12356 ,414795870 
2024,불면증,인천,인천부평구,여,4883 ,21092 ,716622260 
2024,불면증,인천,인천중구,남,1275 ,5623 ,199760080 
2024,불면증,인천,인천중구,여,1708 ,7461 ,275518390 
2024,불면증,인천,인천서구,남,3143 ,13158 ,465908910 
2024,불면증,인천,인천서구,여,5119 ,22344 ,840284670 
2024,불면증,인천,인천남동구,남,2885 ,11590 ,451567980 
2024,불면증,인천,인천남동구,여,4662 ,19787 ,797948180 
2024,불면증,인천,인천연수구,남,1575 ,5934 ,193434220 
2024,불면증,인천,인천연수구,여,2653 ,9753 ,281092700 
2024,불면증,인천,인천계양구,남,1610 ,6404 ,177966200 
2024,불면증,인천,인천계양구,여,2613 ,11188 ,329301000 
2024,불면증,인천,인천강화군,남,366 ,1600 ,68029550 
2024,불면증,인천,인천강화군,여,488 ,2005 ,70544840 
2024,불면증,인천,인천옹진군,남,37 ,136 ,2405140 
2024,불면증,인천,인천옹진군,여,41 ,127 ,2524880 
2024,불면증,대구,대구남구,남,1319 ,5951 ,205460350 
2024,불면증,대구,대구남구,여,2118 ,9096 ,329443280 
2024,불면증,대구,대구동구,남,3240 ,16244 ,618848710 
2024,불면증,대구,대구동구,여,4033 ,18543 ,624030590 
2024,불면증,대구,대구북구,남,2280 ,9542 ,290164370 
2024,불면증,대구,대구북구,여,3666 ,13610 ,413382830 
2024,불면증,대구,대구서구,남,963 ,3724 ,84582460 
2024,불면증,대구,대구서구,여,1569 ,5778 ,128936980 
2024,불면증,대구,대구수성구,남,3003 ,12492 ,443741530 
2024,불면증,대구,대구수성구,여,4916 ,19764 ,699875540 
2024,불면증,대구,대구중구,남,1094 ,4852 ,161319320 
2024,불면증,대구,대구중구,여,2005 ,10293 ,386244060 
2024,불면증,대구,대구달서구,남,4309 ,19042 ,697661100 
2024,불면증,대구,대구달서구,여,6314 ,26923 ,946459450 
2024,불면증,대구,대구달성군,남,1426 ,5580 ,213352710 
2024,불면증,대구,대구달성군,여,2088 ,8326 ,334920450 
2024,불면증,대구,대구군위군,남,134 ,369 ,5341110 
2024,불면증,대구,대구군위군,여,141 ,413 ,6441060 
2024,불면증,광주,광주동구,남,799 ,2679 ,108536540 
2024,불면증,광주,광주동구,여,1028 ,3374 ,150801090 
2024,불면증,광주,광주북구,남,2258 ,8270 ,280596320 
2024,불면증,광주,광주북구,여,3492 ,12062 ,412388440 
2024,불면증,광주,광주서구,남,1747 ,6724 ,203812560 
2024,불면증,광주,광주서구,여,2658 ,10701 ,327870700 
2024,불면증,광주,광주광산구,남,1856 ,7113 ,230627420 
2024,불면증,광주,광주광산구,여,2208 ,7458 ,209093380 
2024,불면증,광주,광주남구,남,1118 ,4507 ,182389820 
2024,불면증,광주,광주남구,여,1629 ,6281 ,235383730 
2024,불면증,대전,대전유성구,남,1685 ,7073 ,230955200 
2024,불면증,대전,대전유성구,여,2801 ,11255 ,374790260 
2024,불면증,대전,대전대덕구,남,1306 ,5103 ,171051710 
2024,불면증,대전,대전대덕구,여,1313 ,5576 ,186190470 
2024,불면증,대전,대전서구,남,3147 ,14711 ,509159160 
2024,불면증,대전,대전서구,여,5277 ,24005 ,834982540 
2024,불면증,대전,대전동구,남,1353 ,5766 ,175118090 
2024,불면증,대전,대전동구,여,2060 ,9045 ,271897180 
2024,불면증,대전,대전중구,남,1848 ,8133 ,298211290 
2024,불면증,대전,대전중구,여,2872 ,12112 ,439922170 
2024,불면증,울산,울산남구,남,2010 ,7967 ,256162940 
2024,불면증,울산,울산남구,여,2820 ,11318 ,349699780 
2024,불면증,울산,울산동구,남,792 ,3198 ,127576480 
2024,불면증,울산,울산동구,여,1067 ,4698 ,230882990 
2024,불면증,울산,울산중구,남,1008 ,4366 ,106578520 
2024,불면증,울산,울산중구,여,1385 ,5698 ,130486580 
2024,불면증,울산,울산북구,남,879 ,3869 ,112775390 
2024,불면증,울산,울산북구,여,1219 ,5621 ,173082470 
2024,불면증,울산,울산울주군,남,893 ,3332 ,68591770 
2024,불면증,울산,울산울주군,여,1183 ,4716 ,98877490 
2024,불면증,경기,가평군,남,521 ,1813 ,42762180 
2024,불면증,경기,가평군,여,726 ,2391 ,57079710 
2024,불면증,경기,양평군,남,773 ,2354 ,52007350 
2024,불면증,경기,양평군,여,1198 ,3947 ,97918450 
2024,불면증,경기,연천군,남,178 ,687 ,39129860 
2024,불면증,경기,연천군,여,248 ,988 ,50996610 
2024,불면증,경기,광명시,남,1828 ,8221 ,381832050 
2024,불면증,경기,광명시,여,2843 ,13191 ,595516610 
2024,불면증,경기,동두천시,남,512 ,2546 ,89999620 
2024,불면증,경기,동두천시,여,814 ,3924 ,141528660 
2024,불면증,경기,부천시,남,0 ,0 ,0 
2024,불면증,경기,부천시,여,0 ,0 ,0 
2024,불면증,경기,부천소사구,남,951 ,3597 ,98242400 
2024,불면증,경기,부천소사구,여,1516 ,5835 ,163336460 
2024,불면증,경기,부천오정구,남,945 ,3859 ,80800480 
2024,불면증,경기,부천오정구,여,1604 ,6891 ,149103210 
2024,불면증,경기,부천원미구,남,2246 ,8849 ,291031240 
2024,불면증,경기,부천원미구,여,3950 ,16161 ,590688630 
2024,불면증,경기,성남수정구,남,1509 ,6154 ,179494680 
2024,불면증,경기,성남수정구,여,2397 ,8998 ,267739270 
2024,불면증,경기,성남중원구,남,1232 ,4901 ,138963950 
2024,불면증,경기,성남중원구,여,1851 ,7221 ,202846760 
2024,불면증,경기,성남분당구,남,4986 ,18155 ,902543810 
2024,불면증,경기,성남분당구,여,8844 ,30993 ,1422528850 
2024,불면증,경기,수원권선구,남,2012 ,7014 ,238676900 
2024,불면증,경기,수원권선구,여,2947 ,10430 ,257510830 
2024,불면증,경기,수원장안구,남,1231 ,5035 ,160574960 
2024,불면증,경기,수원장안구,여,1989 ,7855 ,280098200 
2024,불면증,경기,수원팔달구,남,2571 ,10489 ,595417560 
2024,불면증,경기,수원팔달구,여,4660 ,18479 ,1117579310 
2024,불면증,경기,수원영통구,남,2165 ,8156 ,424272340 
2024,불면증,경기,수원영통구,여,3356 ,12907 ,564432930 
2024,불면증,경기,안양만안구,남,1345 ,5709 ,194188790 
2024,불면증,경기,안양만안구,여,2129 ,8401 ,272528590 
2024,불면증,경기,안양동안구,남,1748 ,6852 ,226011750 
2024,불면증,경기,안양동안구,여,2923 ,11021 ,368448150 
2024,불면증,경기,의정부시,남,2599 ,9865 ,301442630 
2024,불면증,경기,의정부시,여,4602 ,17577 ,525699730 
2024,불면증,경기,과천시,남,223 ,531 ,9143780 
2024,불면증,경기,과천시,여,374 ,972 ,17481260 
2024,불면증,경기,구리시,남,1340 ,6072 ,201396310 
2024,불면증,경기,구리시,여,2183 ,9563 ,310708770 
2024,불면증,경기,안산단원구,남,2164 ,7860 ,242044480 
2024,불면증,경기,안산단원구,여,3496 ,13134 ,409297310 
2024,불면증,경기,안산상록구,남,1972 ,8419 ,195559690 
2024,불면증,경기,안산상록구,여,3389 ,14194 ,307125000 
2024,불면증,경기,평택시,남,3593 ,14143 ,469552190 
2024,불면증,경기,평택시,여,5130 ,20808 ,624278820 
2024,불면증,경기,하남시,남,1350 ,4770 ,175921110 
2024,불면증,경기,하남시,여,2171 ,7856 ,305300190 
2024,불면증,경기,군포시,남,1228 ,4849 ,122687550 
2024,불면증,경기,군포시,여,2314 ,8920 ,232125510 
2024,불면증,경기,남양주시,남,3757 ,15163 ,433106330 
2024,불면증,경기,남양주시,여,6404 ,26262 ,807010100 
2024,불면증,경기,의왕시,남,651 ,2021 ,46616910 
2024,불면증,경기,의왕시,여,970 ,3005 ,58433780 
2024,불면증,경기,시흥시,남,2547 ,9791 ,322950120 
2024,불면증,경기,시흥시,여,3599 ,14021 ,475415310 
2024,불면증,경기,오산시,남,1267 ,4706 ,134536950 
2024,불면증,경기,오산시,여,1958 ,7313 ,209291640 
2024,불면증,경기,고양덕양구,남,2412 ,8633 ,267801350 
2024,불면증,경기,고양덕양구,여,4165 ,14389 ,473742210 
2024,불면증,경기,고양일산서구,남,2042 ,8513 ,304548860 
2024,불면증,경기,고양일산서구,여,3270 ,13303 ,447269090 
2024,불면증,경기,고양일산동구,남,1646 ,6468 ,218541290 
2024,불면증,경기,고양일산동구,여,3342 ,12811 ,482970020 
2024,불면증,경기,용인기흥구,남,2702 ,10343 ,343066070 
2024,불면증,경기,용인기흥구,여,4887 ,17768 ,587522530 
2024,불면증,경기,용인수지구,남,1951 ,7039 ,164139050 
2024,불면증,경기,용인수지구,여,3515 ,11580 ,281960850 
2024,불면증,경기,용인처인구,남,1717 ,6686 ,187617500 
2024,불면증,경기,용인처인구,여,2585 ,10272 ,302411520 
2024,불면증,경기,이천시,남,1182 ,4076 ,90094280 
2024,불면증,경기,이천시,여,1599 ,5559 ,124146440 
2024,불면증,경기,파주시,남,2453 ,9121 ,267236310 
2024,불면증,경기,파주시,여,3510 ,13377 ,381874000 
2024,불면증,경기,김포시,남,2438 ,8910 ,270359340 
2024,불면증,경기,김포시,여,3789 ,14740 ,437327330 
2024,불면증,경기,안성시,남,887 ,3657 ,80892380 
2024,불면증,경기,안성시,여,1259 ,4607 ,91161650 
2024,불면증,경기,화성시,남,4026 ,13536 ,520988240 
2024,불면증,경기,화성시,여,5512 ,19075 ,644556740 
2024,불면증,경기,광주시,남,1694 ,6146 ,202847120 
2024,불면증,경기,광주시,여,2644 ,9301 ,292687890 
2024,불면증,경기,양주시,남,1300 ,4998 ,134700000 
2024,불면증,경기,양주시,여,1819 ,6441 ,177704630 
2024,불면증,경기,포천시,남,716 ,2173 ,47132110 
2024,불면증,경기,포천시,여,890 ,2856 ,63042490 
2024,불면증,경기,여주시,남,799 ,3381 ,90636530 
2024,불면증,경기,여주시,여,1268 ,5254 ,154500460 
2024,불면증,강원,고성군,남,98 ,406 ,6827650 
2024,불면증,강원,고성군,여,153 ,490 ,8355940 
2024,불면증,강원,양구군,남,140 ,427 ,7290570 
2024,불면증,강원,양구군,여,208 ,714 ,11517480 
2024,불면증,강원,양양군,남,155 ,559 ,8509920 
2024,불면증,강원,양양군,여,223 ,749 ,12153940 
2024,불면증,강원,영월군,남,205 ,595 ,8910460 
2024,불면증,강원,영월군,여,319 ,983 ,15853840 
2024,불면증,강원,인제군,남,129 ,379 ,5538530 
2024,불면증,강원,인제군,여,245 ,772 ,12222460 
2024,불면증,강원,정선군,남,187 ,538 ,10512870 
2024,불면증,강원,정선군,여,181 ,552 ,11578610 
2024,불면증,강원,철원군,남,262 ,914 ,13679480 
2024,불면증,강원,철원군,여,345 ,1166 ,17898010 
2024,불면증,강원,평창군,남,293 ,1023 ,21032080 
2024,불면증,강원,평창군,여,398 ,1415 ,29126060 
2024,불면증,강원,홍천군,남,346 ,1280 ,25162940 
2024,불면증,강원,홍천군,여,408 ,1189 ,19232810 
2024,불면증,강원,화천군,남,170 ,413 ,5842500 
2024,불면증,강원,화천군,여,181 ,602 ,8935620 
2024,불면증,강원,횡성군,남,201 ,571 ,10549880 
2024,불면증,강원,횡성군,여,278 ,931 ,17249260 
2024,불면증,강원,강릉시,남,1484 ,5932 ,207540150 
2024,불면증,강원,강릉시,여,2294 ,9058 ,300704870 
2024,불면증,강원,동해시,남,528 ,2029 ,55330970 
2024,불면증,강원,동해시,여,840 ,3127 ,90288310 
2024,불면증,강원,속초시,남,602 ,2227 ,56850830 
2024,불면증,강원,속초시,여,780 ,2445 ,60109500 
2024,불면증,강원,원주시,남,1694 ,7329 ,214454590 
2024,불면증,강원,원주시,여,2680 ,11210 ,315414420 
2024,불면증,강원,춘천시,남,1524 ,6726 ,215004700 
2024,불면증,강원,춘천시,여,2372 ,9730 ,274608130 
2024,불면증,강원,태백시,남,366 ,2853 ,105250520 
2024,불면증,강원,태백시,여,473 ,3732 ,137759160 
2024,불면증,강원,삼척시,남,292 ,1396 ,42901390 
2024,불면증,강원,삼척시,여,371 ,1747 ,54279000 
2024,불면증,충북,괴산군,남,237 ,692 ,16687970 
2024,불면증,충북,괴산군,여,243 ,720 ,18025690 
2024,불면증,충북,단양군,남,244 ,861 ,16826680 
2024,불면증,충북,단양군,여,381 ,1142 ,22594610 
2024,불면증,충북,보은군,남,262 ,939 ,17217880 
2024,불면증,충북,보은군,여,326 ,1198 ,21827360 
2024,불면증,충북,영동군,남,241 ,900 ,23091280 
2024,불면증,충북,영동군,여,314 ,1053 ,25475480 
2024,불면증,충북,옥천군,남,246 ,913 ,15687870 
2024,불면증,충북,옥천군,여,318 ,1048 ,18636920 
2024,불면증,충북,음성군,남,803 ,2736 ,49160470 
2024,불면증,충북,음성군,여,979 ,3449 ,55443230 
2024,불면증,충북,진천군,남,392 ,1141 ,19101020 
2024,불면증,충북,진천군,여,518 ,1935 ,31274040 
2024,불면증,충북,증평군,남,230 ,776 ,11687850 
2024,불면증,충북,증평군,여,332 ,1153 ,17852170 
2024,불면증,충북,청주상당구,남,1505 ,6602 ,235805290 
2024,불면증,충북,청주상당구,여,2178 ,9314 ,339247210 
2024,불면증,충북,청주흥덕구,남,1816 ,7231 ,207043350 
2024,불면증,충북,청주흥덕구,여,2590 ,10102 ,286441860 
2024,불면증,충북,청주청원구,남,1092 ,3815 ,176153520 
2024,불면증,충북,청주청원구,여,1370 ,4918 ,154849940 
2024,불면증,충북,청주서원구,남,1055 ,5124 ,171123160 
2024,불면증,충북,청주서원구,여,1797 ,8831 ,302075300 
2024,불면증,충북,충주시,남,1419 ,6109 ,204168260 
2024,불면증,충북,충주시,여,2072 ,9444 ,315762580 
2024,불면증,충북,제천시,남,916 ,4052 ,117685850 
2024,불면증,충북,제천시,여,1206 ,5467 ,176263860 
2024,불면증,충남,금산군,남,418 ,1861 ,50472660 
2024,불면증,충남,금산군,여,413 ,1981 ,56028540 
2024,불면증,충남,부여군,남,476 ,1432 ,26367090 
2024,불면증,충남,부여군,여,551 ,1669 ,31010480 
2024,불면증,충남,서천군,남,351 ,1245 ,36386190 
2024,불면증,충남,서천군,여,477 ,1553 ,45114460 
2024,불면증,충남,예산군,남,440 ,1441 ,36969610 
2024,불면증,충남,예산군,여,557 ,1940 ,54316680 
2024,불면증,충남,청양군,남,179 ,727 ,14902220 
2024,불면증,충남,청양군,여,215 ,800 ,15918170 
2024,불면증,충남,홍성군,남,755 ,3358 ,105007400 
2024,불면증,충남,홍성군,여,1063 ,4221 ,134750150 
2024,불면증,충남,태안군,남,594 ,2533 ,51351910 
2024,불면증,충남,태안군,여,763 ,3131 ,66229680 
2024,불면증,충남,천안서북구,남,2420 ,9159 ,283233380 
2024,불면증,충남,천안서북구,여,3675 ,13734 ,431707680 
2024,불면증,충남,천안동남구,남,1576 ,5782 ,149646950 
2024,불면증,충남,천안동남구,여,2279 ,8872 ,255247190 
2024,불면증,충남,공주시,남,650 ,2562 ,61372290 
2024,불면증,충남,공주시,여,1023 ,4212 ,107317720 
2024,불면증,충남,보령시,남,805 ,3254 ,55562960 
2024,불면증,충남,보령시,여,1040 ,4444 ,79446720 
2024,불면증,충남,아산시,남,1717 ,6760 ,237202130 
2024,불면증,충남,아산시,여,2264 ,8808 ,282566410 
2024,불면증,충남,서산시,남,1239 ,5766 ,128051780 
2024,불면증,충남,서산시,여,1556 ,7837 ,177372290 
2024,불면증,충남,논산시,남,833 ,2943 ,97190840 
2024,불면증,충남,논산시,여,990 ,3377 ,102942870 
2024,불면증,충남,계룡시,남,105 ,379 ,5752680 
2024,불면증,충남,계룡시,여,160 ,480 ,8036780 
2024,불면증,충남,당진시,남,921 ,3444 ,91175530 
2024,불면증,충남,당진시,여,981 ,3314 ,85522670 
2024,불면증,전북,고창군,남,234 ,671 ,10261750 
2024,불면증,전북,고창군,여,306 ,750 ,11509050 
2024,불면증,전북,무주군,남,84 ,282 ,4204330 
2024,불면증,전북,무주군,여,119 ,458 ,5967690 
2024,불면증,전북,부안군,남,278 ,1044 ,21849540 
2024,불면증,전북,부안군,여,315 ,1102 ,22413240 
2024,불면증,전북,순창군,남,148 ,603 ,12445940 
2024,불면증,전북,순창군,여,149 ,576 ,11761210 
2024,불면증,전북,완주군,남,479 ,1883 ,75835390 
2024,불면증,전북,완주군,여,560 ,2327 ,124447980 
2024,불면증,전북,임실군,남,182 ,567 ,8485660 
2024,불면증,전북,임실군,여,223 ,513 ,8621880 
2024,불면증,전북,장수군,남,163 ,434 ,7162190 
2024,불면증,전북,장수군,여,185 ,429 ,7709000 
2024,불면증,전북,진안군,남,131 ,412 ,6382570 
2024,불면증,전북,진안군,여,135 ,433 ,6510340 
2024,불면증,전북,군산시,남,1782 ,8405 ,273619050 
2024,불면증,전북,군산시,여,2453 ,11710 ,387168310 
2024,불면증,전북,남원시,남,428 ,1848 ,36421250 
2024,불면증,전북,남원시,여,583 ,1856 ,35067240 
2024,불면증,전북,익산시,남,1517 ,5658 ,160985370 
2024,불면증,전북,익산시,여,2291 ,8558 ,234882840 
2024,불면증,전북,전주완산구,남,1958 ,7529 ,247034810 
2024,불면증,전북,전주완산구,여,2880 ,10557 ,376164070 
2024,불면증,전북,전주덕진구,남,1483 ,6409 ,233838070 
2024,불면증,전북,전주덕진구,여,2049 ,8175 ,289676240 
2024,불면증,전북,정읍시,남,590 ,2261 ,65754250 
2024,불면증,전북,정읍시,여,721 ,2781 ,78636120 
2024,불면증,전북,김제시,남,514 ,1822 ,46442560 
2024,불면증,전북,김제시,여,483 ,1525 ,39105560 
2024,불면증,전남,강진군,남,188 ,406 ,22078770 
2024,불면증,전남,강진군,여,294 ,657 ,34327430 
2024,불면증,전남,고흥군,남,327 ,1040 ,16369390 
2024,불면증,전남,고흥군,여,402 ,1158 ,19553290 
2024,불면증,전남,곡성군,남,127 ,427 ,11234880 
2024,불면증,전남,곡성군,여,157 ,422 ,10476560 
2024,불면증,전남,구례군,남,125 ,323 ,7019710 
2024,불면증,전남,구례군,여,216 ,701 ,16820030 
2024,불면증,전남,담양군,남,299 ,1039 ,21733270 
2024,불면증,전남,담양군,여,471 ,1333 ,35846480 
2024,불면증,전남,무안군,남,351 ,969 ,17045860 
2024,불면증,전남,무안군,여,452 ,1400 ,27155700 
2024,불면증,전남,보성군,남,284 ,761 ,14925530 
2024,불면증,전남,보성군,여,239 ,627 ,10009550 
2024,불면증,전남,신안군,남,240 ,646 ,9676910 
2024,불면증,전남,신안군,여,217 ,649 ,12062920 
2024,불면증,전남,영광군,남,371 ,1617 ,70461330 
2024,불면증,전남,영광군,여,513 ,2262 ,104904740 
2024,불면증,전남,영암군,남,262 ,858 ,20100780 
2024,불면증,전남,영암군,여,240 ,878 ,25400890 
2024,불면증,전남,완도군,남,292 ,876 ,14582850 
2024,불면증,전남,완도군,여,341 ,924 ,14991780 
2024,불면증,전남,장성군,남,251 ,880 ,20177310 
2024,불면증,전남,장성군,여,272 ,946 ,20315260 
2024,불면증,전남,장흥군,남,291 ,869 ,27987140 
2024,불면증,전남,장흥군,여,334 ,859 ,24420370 
2024,불면증,전남,진도군,남,115 ,392 ,7741230 
2024,불면증,전남,진도군,여,148 ,397 ,10022120 
2024,불면증,전남,함평군,남,121 ,351 ,8912690 
2024,불면증,전남,함평군,여,127 ,322 ,9018170 
2024,불면증,전남,해남군,남,734 ,2611 ,106245060 
2024,불면증,전남,해남군,여,665 ,1962 ,54071470 
2024,불면증,전남,화순군,남,395 ,1472 ,52786020 
2024,불면증,전남,화순군,여,515 ,1709 ,61414270 
2024,불면증,전남,나주시,남,571 ,2035 ,42300590 
2024,불면증,전남,나주시,여,699 ,2105 ,50249320 
2024,불면증,전남,목포시,남,1475 ,6000 ,206349330 
2024,불면증,전남,목포시,여,2036 ,8643 ,281851480 
2024,불면증,전남,순천시,남,1236 ,4615 ,172045120 
2024,불면증,전남,순천시,여,1792 ,6799 ,253489810 
2024,불면증,전남,여수시,남,1386 ,6316 ,202964560 
2024,불면증,전남,여수시,여,1989 ,9277 ,297937570 
2024,불면증,전남,광양시,남,620 ,1996 ,42291720 
2024,불면증,전남,광양시,여,739 ,2370 ,56796050 
2024,불면증,경북,고령군,남,133 ,481 ,7146600 
2024,불면증,경북,고령군,여,172 ,566 ,8772250 
2024,불면증,경북,군위군,남,0 ,0 ,0 
2024,불면증,경북,군위군,여,0 ,0 ,0 
2024,불면증,경북,봉화군,남,61 ,149 ,2080800 
2024,불면증,경북,봉화군,여,96 ,271 ,3478350 
2024,불면증,경북,성주군,남,262 ,929 ,14972350 
2024,불면증,경북,성주군,여,367 ,1259 ,19393730 
2024,불면증,경북,영덕군,남,179 ,555 ,8477760 
2024,불면증,경북,영덕군,여,324 ,1003 ,16581690 
2024,불면증,경북,영양군,남,42 ,152 ,2893540 
2024,불면증,경북,영양군,여,44 ,148 ,2335310 
2024,불면증,경북,예천군,남,238 ,761 ,14025980 
2024,불면증,경북,예천군,여,337 ,998 ,16379350 
2024,불면증,경북,울릉군,남,32 ,75 ,2095680 
2024,불면증,경북,울릉군,여,30 ,55 ,1530320 
2024,불면증,경북,울진군,남,199 ,749 ,10911700 
2024,불면증,경북,울진군,여,295 ,1045 ,15149630 
2024,불면증,경북,의성군,남,391 ,1316 ,19548860 
2024,불면증,경북,의성군,여,470 ,1486 ,22224330 
2024,불면증,경북,청도군,남,304 ,1114 ,22014900 
2024,불면증,경북,청도군,여,350 ,1275 ,24337940 
2024,불면증,경북,청송군,남,185 ,602 ,14856230 
2024,불면증,경북,청송군,여,217 ,1101 ,44974380 
2024,불면증,경북,칠곡군,남,542 ,1661 ,31070940 
2024,불면증,경북,칠곡군,여,715 ,2159 ,67033700 
2024,불면증,경북,경주시,남,1630 ,6775 ,211005470 
2024,불면증,경북,경주시,여,2019 ,8008 ,251131140 
2024,불면증,경북,구미시,남,2057 ,7737 ,258666040 
2024,불면증,경북,구미시,여,2814 ,10489 ,339151220 
2024,불면증,경북,김천시,남,719 ,2737 ,58626730 
2024,불면증,경북,김천시,여,925 ,2943 ,62176500 
2024,불면증,경북,안동시,남,875 ,3194 ,83877450 
2024,불면증,경북,안동시,여,1228 ,4417 ,116118920 
2024,불면증,경북,영주시,남,664 ,2743 ,79126370 
2024,불면증,경북,영주시,여,872 ,3308 ,94932200 
2024,불면증,경북,영천시,남,744 ,3180 ,73522450 
2024,불면증,경북,영천시,여,1050 ,4226 ,92195050 
2024,불면증,경북,포항남구,남,1116 ,3838 ,96473220 
2024,불면증,경북,포항남구,여,1548 ,5057 ,122905260 
2024,불면증,경북,포항북구,남,2024 ,9637 ,333709970 
2024,불면증,경북,포항북구,여,2830 ,13079 ,406078310 
2024,불면증,경북,문경시,남,474 ,1686 ,42636910 
2024,불면증,경북,문경시,여,643 ,2088 ,47672470 
2024,불면증,경북,상주시,남,518 ,1612 ,36236610 
2024,불면증,경북,상주시,여,637 ,1960 ,46471130 
2024,불면증,경북,경산시,남,2042 ,7665 ,195012130 
2024,불면증,경북,경산시,여,2994 ,10898 ,265610850 
2024,불면증,경남,거창군,남,523 ,2099 ,61479130 
2024,불면증,경남,거창군,여,685 ,2650 ,70980380 
2024,불면증,경남,고성군,남,256 ,889 ,13902850 
2024,불면증,경남,고성군,여,303 ,879 ,14924320 
2024,불면증,경남,남해군,남,178 ,518 ,7532190 
2024,불면증,경남,남해군,여,263 ,693 ,11536600 
2024,불면증,경남,산청군,남,208 ,613 ,10066110 
2024,불면증,경남,산청군,여,258 ,768 ,12292250 
2024,불면증,경남,의령군,남,166 ,796 ,29797480 
2024,불면증,경남,의령군,여,220 ,786 ,12825780 
2024,불면증,경남,창녕군,남,325 ,1126 ,20453150 
2024,불면증,경남,창녕군,여,455 ,1452 ,29870130 
2024,불면증,경남,하동군,남,229 ,713 ,12774570 
2024,불면증,경남,하동군,여,287 ,966 ,16122120 
2024,불면증,경남,함안군,남,347 ,1253 ,21105840 
2024,불면증,경남,함안군,여,450 ,1383 ,25013190 
2024,불면증,경남,함양군,남,348 ,1222 ,30090670 
2024,불면증,경남,함양군,여,388 ,1297 ,31469040 
2024,불면증,경남,합천군,남,359 ,1228 ,22157350 
2024,불면증,경남,합천군,여,427 ,1179 ,22874890 
2024,불면증,경남,김해시,남,2619 ,11292 ,357478660 
2024,불면증,경남,김해시,여,4047 ,18963 ,592373830 
2024,불면증,경남,사천시,남,648 ,2110 ,54361370 
2024,불면증,경남,사천시,여,956 ,3329 ,73941500 
2024,불면증,경남,진주시,남,2490 ,10039 ,327552870 
2024,불면증,경남,진주시,여,3524 ,14015 ,437148980 
2024,불면증,경남,창원마산회원구,남,1312 ,6439 ,226476070 
2024,불면증,경남,창원마산회원구,여,2174 ,10741 ,417548850 
2024,불면증,경남,창원마산합포구,남,933 ,3144 ,85581000 
2024,불면증,경남,창원마산합포구,여,1358 ,4885 ,120101450 
2024,불면증,경남,창원진해구,남,925 ,3251 ,76689490 
2024,불면증,경남,창원진해구,여,1354 ,4608 ,124874110 
2024,불면증,경남,창원의창구,남,1425 ,5982 ,203261850 
2024,불면증,경남,창원의창구,여,2110 ,8007 ,255638550 
2024,불면증,경남,창원성산구,남,1319 ,6223 ,225560910 
2024,불면증,경남,창원성산구,여,1969 ,9468 ,340782860 
2024,불면증,경남,통영시,남,874 ,4341 ,112673980 
2024,불면증,경남,통영시,여,1488 ,8399 ,251526350 
2024,불면증,경남,밀양시,남,892 ,3941 ,101177670 
2024,불면증,경남,밀양시,여,1136 ,4480 ,112783750 
2024,불면증,경남,거제시,남,1490 ,6396 ,179363700 
2024,불면증,경남,거제시,여,2078 ,9058 ,253580340 
2024,불면증,경남,양산시,남,1997 ,8839 ,284955250 
2024,불면증,경남,양산시,여,3202 ,14186 ,463906820 
2024,불면증,제주,서귀포시,남,1036 ,3992 ,120466710 
2024,불면증,제주,서귀포시,여,1680 ,6290 ,209260020 
2024,불면증,제주,제주시,남,2515 ,10877 ,327760410 
2024,불면증,제주,제주시,여,3693 ,15805 ,482477380 
2024,불면증,세종,세종시,남,1274 ,4296 ,165702080 
2024,불면증,세종,세종시,여,1808 ,6234 ,246924850 
2024,우울증,서울,강남구,남,12886 ,95538 ,11026877020 
2024,우울증,서울,강남구,여,26949 ,207268 ,23952215760 
2024,우울증,서울,강동구,남,4818 ,35264 ,2502787630 
2024,우울증,서울,강동구,여,9291 ,73357 ,4943559080 
2024,우울증,서울,강서구,남,3793 ,27259 ,2136713880 
2024,우울증,서울,강서구,여,8603 ,66733 ,5360804340 
2024,우울증,서울,관악구,남,4827 ,37995 ,2792566330 
2024,우울증,서울,관악구,여,9647 ,82825 ,6273107530 
2024,우울증,서울,구로구,남,3243 ,23583 ,1782649760 
2024,우울증,서울,구로구,여,7246 ,58210 ,4327923470 
2024,우울증,서울,도봉구,남,1671 ,12711 ,741055170 
2024,우울증,서울,도봉구,여,3713 ,28310 ,1543557210 
2024,우울증,서울,동대문구,남,2863 ,21380 ,1727027410 
2024,우울증,서울,동대문구,여,6088 ,48589 ,4045648230 
2024,우울증,서울,동작구,남,3552 ,26925 ,2333562180 
2024,우울증,서울,동작구,여,7165 ,55553 ,4881305800 
2024,우울증,서울,마포구,남,6048 ,46300 ,3944129680 
2024,우울증,서울,마포구,여,14868 ,119585 ,10599231160 
2024,우울증,서울,서대문구,남,2339 ,20944 ,1348475470 
2024,우울증,서울,서대문구,여,5417 ,48660 ,3343694200 
2024,우울증,서울,성동구,남,2332 ,16500 ,1573779280 
2024,우울증,서울,성동구,여,4925 ,34898 ,3479721450 
2024,우울증,서울,성북구,남,2361 ,16412 ,1232775250 
2024,우울증,서울,성북구,여,5546 ,40602 ,3227686880 
2024,우울증,서울,영등포구,남,3889 ,28468 ,3272647920 
2024,우울증,서울,영등포구,여,7649 ,57506 ,6716260370 
2024,우울증,서울,용산구,남,1397 ,9655 ,1031099880 
2024,우울증,서울,용산구,여,3088 ,21724 ,2254737790 
2024,우울증,서울,은평구,남,2954 ,22305 ,1549238070 
2024,우울증,서울,은평구,여,7004 ,56585 ,3848699670 
2024,우울증,서울,종로구,남,2931 ,20054 ,2134249010 
2024,우울증,서울,종로구,여,8057 ,60010 ,5980141620 
2024,우울증,서울,중구,남,3277 ,22475 ,2402549440 
2024,우울증,서울,중구,여,6543 ,47151 ,5059158380 
2024,우울증,서울,송파구,남,7184 ,52499 ,5087461970 
2024,우울증,서울,송파구,여,15527 ,118153 ,12035808960 
2024,우울증,서울,중랑구,남,3310 ,24885 ,1993782820 
2024,우울증,서울,중랑구,여,7108 ,57427 ,4693248270 
2024,우울증,서울,양천구,남,2403 ,16796 ,1422995150 
2024,우울증,서울,양천구,여,5467 ,40253 ,3447390360 
2024,우울증,서울,서초구,남,8292 ,61799 ,6154452730 
2024,우울증,서울,서초구,여,17668 ,135349 ,13998416830 
2024,우울증,서울,노원구,남,2855 ,21625 ,1316109080 
2024,우울증,서울,노원구,여,7167 ,58304 ,3518529600 
2024,우울증,서울,광진구,남,2527 ,19354 ,1789479250 
2024,우울증,서울,광진구,여,5717 ,47063 ,4499564360 
2024,우울증,서울,강북구,남,1478 ,13252 ,761003510 
2024,우울증,서울,강북구,여,3853 ,35098 ,2070126010 
2024,우울증,서울,금천구,남,2519 ,17717 ,1592543040 
2024,우울증,서울,금천구,여,4698 ,36420 ,3233011270 
2024,우울증,부산,부산남구,남,1927 ,17289 ,1399770750 
2024,우울증,부산,부산남구,여,4722 ,42692 ,3286832330 
2024,우울증,부산,부산동구,남,1256 ,13556 ,1344939080 
2024,우울증,부산,부산동구,여,3434 ,36481 ,3830891990 
2024,우울증,부산,부산동래구,남,2789 ,23328 ,1680478520 
2024,우울증,부산,부산동래구,여,6598 ,60448 ,4226236340 
2024,우울증,부산,부산진구,남,4043 ,35562 ,2416963500 
2024,우울증,부산,부산진구,여,9369 ,88812 ,5985961160 
2024,우울증,부산,부산북구,남,1371 ,12369 ,738605090 
2024,우울증,부산,부산북구,여,3101 ,28697 ,1694008880 
2024,우울증,부산,부산서구,남,408 ,3955 ,245831180 
2024,우울증,부산,부산서구,여,926 ,10097 ,662096790 
2024,우울증,부산,부산영도구,남,943 ,6781 ,403062540 
2024,우울증,부산,부산영도구,여,1715 ,13504 ,847971470 
2024,우울증,부산,부산중구,남,412 ,3713 ,269543770 
2024,우울증,부산,부산중구,여,1034 ,9095 ,620223980 
2024,우울증,부산,부산해운대구,남,2219 ,17318 ,1319214950 
2024,우울증,부산,부산해운대구,여,5121 ,44067 ,3341389350 
2024,우울증,부산,부산사하구,남,1784 ,15301 ,921136910 
2024,우울증,부산,부산사하구,여,3636 ,30256 ,1741585560 
2024,우울증,부산,부산금정구,남,1572 ,11298 ,699564670 
2024,우울증,부산,부산금정구,여,3263 ,26156 ,1716970630 
2024,우울증,부산,부산강서구,남,511 ,2568 ,232074600 
2024,우울증,부산,부산강서구,여,875 ,4658 ,426162640 
2024,우울증,부산,부산연제구,남,1973 ,17839 ,1318023530 
2024,우울증,부산,부산연제구,여,5013 ,46748 ,3484991820 
2024,우울증,부산,부산수영구,남,3434 ,27461 ,1950667830 
2024,우울증,부산,부산수영구,여,7554 ,62591 ,4403612350 
2024,우울증,부산,부산사상구,남,1766 ,14453 ,1062896970 
2024,우울증,부산,부산사상구,여,2307 ,20828 ,1472606080 
2024,우울증,부산,부산기장군,남,1547 ,11993 ,656523410 
2024,우울증,부산,부산기장군,여,2882 ,24724 ,1440505240 
2024,우울증,인천,인천미추홀구,남,2885 ,23485 ,1513063600 
2024,우울증,인천,인천미추홀구,여,5527 ,45735 ,2799448800 
2024,우울증,인천,인천동구,남,266 ,1699 ,154711960 
2024,우울증,인천,인천동구,여,418 ,2806 ,261965940 
2024,우울증,인천,인천부평구,남,4338 ,30891 ,2312511690 
2024,우울증,인천,인천부평구,여,9533 ,73451 ,5445288410 
2024,우울증,인천,인천중구,남,1332 ,8222 ,1280161300 
2024,우울증,인천,인천중구,여,2375 ,16471 ,1642835610 
2024,우울증,인천,인천서구,남,3671 ,25058 ,2114770280 
2024,우울증,인천,인천서구,여,7875 ,54847 ,4373900910 
2024,우울증,인천,인천남동구,남,3732 ,28140 ,2344339460 
2024,우울증,인천,인천남동구,여,8501 ,63446 ,4763672870 
2024,우울증,인천,인천연수구,남,1835 ,12563 ,1084652980 
2024,우울증,인천,인천연수구,여,4006 ,29192 ,2457126770 
2024,우울증,인천,인천계양구,남,2105 ,21153 ,1619665950 
2024,우울증,인천,인천계양구,여,4039 ,35001 ,2280777200 
2024,우울증,인천,인천강화군,남,230 ,1984 ,174982790 
2024,우울증,인천,인천강화군,여,478 ,3786 ,309255600 
2024,우울증,인천,인천옹진군,남,10 ,32 ,566190 
2024,우울증,인천,인천옹진군,여,0 ,0 ,0 
2024,우울증,대구,대구남구,남,766 ,5119 ,440666710 
2024,우울증,대구,대구남구,여,1788 ,13066 ,1011429780 
2024,우울증,대구,대구동구,남,2993 ,25356 ,2135804600 
2024,우울증,대구,대구동구,여,4544 ,39603 ,3180468610 
2024,우울증,대구,대구북구,남,3115 ,22061 ,1585598740 
2024,우울증,대구,대구북구,여,5839 ,45463 ,2988222080 
2024,우울증,대구,대구서구,남,1196 ,11317 ,757093230 
2024,우울증,대구,대구서구,여,2253 ,19428 ,1095246530 
2024,우울증,대구,대구수성구,남,4514 ,36366 ,2841271600 
2024,우울증,대구,대구수성구,여,9662 ,80819 ,6128581440 
2024,우울증,대구,대구중구,남,1443 ,9300 ,729312080 
2024,우울증,대구,대구중구,여,3581 ,22622 ,1528615410 
2024,우울증,대구,대구달서구,남,3976 ,36974 ,2808556500 
2024,우울증,대구,대구달서구,여,7411 ,70042 ,4726640580 
2024,우울증,대구,대구달성군,남,998 ,8216 ,587014250 
2024,우울증,대구,대구달성군,여,2078 ,15348 ,1068843260 
2024,우울증,대구,대구군위군,남,18 ,69 ,666150 
2024,우울증,대구,대구군위군,여,27 ,89 ,1479330 
2024,우울증,광주,광주동구,남,693 ,5617 ,488420950 
2024,우울증,광주,광주동구,여,1441 ,11854 ,1086076010 
2024,우울증,광주,광주북구,남,2986 ,21423 ,1459524410 
2024,우울증,광주,광주북구,여,6199 ,48151 ,3399940440 
2024,우울증,광주,광주서구,남,2042 ,14699 ,906306640 
2024,우울증,광주,광주서구,여,4657 ,33736 ,2082313050 
2024,우울증,광주,광주광산구,남,2840 ,25048 ,1599444740 
2024,우울증,광주,광주광산구,여,4705 ,37252 ,2245699510 
2024,우울증,광주,광주남구,남,1467 ,10919 ,826520550 
2024,우울증,광주,광주남구,여,3241 ,23662 ,1804147230 
2024,우울증,대전,대전유성구,남,2464 ,18161 ,1175672530 
2024,우울증,대전,대전유성구,여,4212 ,34059 ,2186763440 
2024,우울증,대전,대전대덕구,남,1010 ,8869 ,546383780 
2024,우울증,대전,대전대덕구,여,1836 ,17357 ,1034349860 
2024,우울증,대전,대전서구,남,4545 ,34118 ,2502378280 
2024,우울증,대전,대전서구,여,10269 ,81457 ,6048898310 
2024,우울증,대전,대전동구,남,1328 ,10810 ,581542690 
2024,우울증,대전,대전동구,여,2597 ,20246 ,1102553640 
2024,우울증,대전,대전중구,남,2266 ,19950 ,1343186800 
2024,우울증,대전,대전중구,여,4703 ,38239 ,2405082610 
2024,우울증,울산,울산남구,남,4069 ,30974 ,2063486810 
2024,우울증,울산,울산남구,여,8291 ,71032 ,4499232510 
2024,우울증,울산,울산동구,남,267 ,1391 ,127760980 
2024,우울증,울산,울산동구,여,555 ,3395 ,337941510 
2024,우울증,울산,울산중구,남,979 ,7958 ,374292540 
2024,우울증,울산,울산중구,여,2160 ,18733 ,868721260 
2024,우울증,울산,울산북구,남,234 ,1508 ,81975960 
2024,우울증,울산,울산북구,여,541 ,4184 ,224573790 
2024,우울증,울산,울산울주군,남,443 ,5227 ,337599730 
2024,우울증,울산,울산울주군,여,735 ,7853 ,422356960 
2024,우울증,경기,가평군,남,226 ,946 ,38829170 
2024,우울증,경기,가평군,여,335 ,1617 ,80501030 
2024,우울증,경기,양평군,남,299 ,1499 ,73205060 
2024,우울증,경기,양평군,여,509 ,2758 ,128505430 
2024,우울증,경기,연천군,남,361 ,1531 ,180823510 
2024,우울증,경기,연천군,여,532 ,2884 ,326968260 
2024,우울증,경기,광명시,남,1945 ,13409 ,1095749670 
2024,우울증,경기,광명시,여,4227 ,31412 ,2380075310 
2024,우울증,경기,동두천시,남,815 ,6695 ,464480220 
2024,우울증,경기,동두천시,여,1598 ,14710 ,907078900 
2024,우울증,경기,부천시,남,0 ,0 ,0 
2024,우울증,경기,부천시,여,0 ,0 ,0 
2024,우울증,경기,부천소사구,남,1302 ,11612 ,889716900 
2024,우울증,경기,부천소사구,여,2777 ,25985 ,2042538730 
2024,우울증,경기,부천오정구,남,186 ,2206 ,160919760 
2024,우울증,경기,부천오정구,여,444 ,5522 ,365778590 
2024,우울증,경기,부천원미구,남,3904 ,30584 ,2504625570 
2024,우울증,경기,부천원미구,여,9036 ,70590 ,5592069120 
2024,우울증,경기,성남수정구,남,1709 ,13912 ,1014006460 
2024,우울증,경기,성남수정구,여,3430 ,27562 ,1763766360 
2024,우울증,경기,성남중원구,남,1718 ,11469 ,867107110 
2024,우울증,경기,성남중원구,여,3367 ,24771 ,1827738430 
2024,우울증,경기,성남분당구,남,8445 ,60304 ,5082382190 
2024,우울증,경기,성남분당구,여,17025 ,122614 ,9969289960 
2024,우울증,경기,수원권선구,남,826 ,4999 ,275420280 
2024,우울증,경기,수원권선구,여,1681 ,11130 ,627798930 
2024,우울증,경기,수원장안구,남,1524 ,13997 ,961890830 
2024,우울증,경기,수원장안구,여,3346 ,29218 ,1894383860 
2024,우울증,경기,수원팔달구,남,3440 ,28570 ,2161144420 
2024,우울증,경기,수원팔달구,여,7685 ,66768 ,5097170350 
2024,우울증,경기,수원영통구,남,3026 ,20941 ,1660153290 
2024,우울증,경기,수원영통구,여,6882 ,53040 ,4191941330 
2024,우울증,경기,안양만안구,남,1449 ,11509 ,820872440 
2024,우울증,경기,안양만안구,여,3402 ,32490 ,2163960610 
2024,우울증,경기,안양동안구,남,3391 ,25077 ,1694187970 
2024,우울증,경기,안양동안구,여,7578 ,58811 ,4138868690 
2024,우울증,경기,의정부시,남,4793 ,35691 ,2847418750 
2024,우울증,경기,의정부시,여,8829 ,70664 ,5219227820 
2024,우울증,경기,과천시,남,172 ,1199 ,105893930 
2024,우울증,경기,과천시,여,477 ,3454 ,308241440 
2024,우울증,경기,구리시,남,1964 ,15562 ,1030497620 
2024,우울증,경기,구리시,여,4647 ,38944 ,2572061290 
2024,우울증,경기,안산단원구,남,2705 ,21390 ,1371699270 
2024,우울증,경기,안산단원구,여,5815 ,49114 ,2827035250 
2024,우울증,경기,안산상록구,남,1732 ,11769 ,576028830 
2024,우울증,경기,안산상록구,여,2964 ,21812 ,969361660 
2024,우울증,경기,평택시,남,4134 ,25412 ,1716443320 
2024,우울증,경기,평택시,여,7949 ,52727 ,3581877730 
2024,우울증,경기,하남시,남,2284 ,16427 ,1454593100 
2024,우울증,경기,하남시,여,4760 ,35683 ,2874913240 
2024,우울증,경기,군포시,남,2296 ,21285 ,1490458140 
2024,우울증,경기,군포시,여,4658 ,43911 ,3101999810 
2024,우울증,경기,남양주시,남,4532 ,31364 ,2274119440 
2024,우울증,경기,남양주시,여,9599 ,69292 ,5069021930 
2024,우울증,경기,의왕시,남,566 ,4969 ,487873370 
2024,우울증,경기,의왕시,여,713 ,7450 ,746799690 
2024,우울증,경기,시흥시,남,2338 ,18675 ,1322859190 
2024,우울증,경기,시흥시,여,5192 ,45193 ,3170365020 
2024,우울증,경기,오산시,남,1380 ,9442 ,804776430 
2024,우울증,경기,오산시,여,2415 ,17128 ,1437224220 
2024,우울증,경기,고양덕양구,남,2564 ,17864 ,1663864400 
2024,우울증,경기,고양덕양구,여,5293 ,37203 ,3394281090 
2024,우울증,경기,고양일산서구,남,3347 ,22471 ,1564046850 
2024,우울증,경기,고양일산서구,여,6543 ,46964 ,3248662010 
2024,우울증,경기,고양일산동구,남,2079 ,17663 ,1551422840 
2024,우울증,경기,고양일산동구,여,5280 ,38350 ,3156848440 
2024,우울증,경기,용인기흥구,남,2663 ,18949 ,1567368830 
2024,우울증,경기,용인기흥구,여,5454 ,40554 ,3259661630 
2024,우울증,경기,용인수지구,남,1961 ,11382 ,800683110 
2024,우울증,경기,용인수지구,여,4222 ,25966 ,1748028200 
2024,우울증,경기,용인처인구,남,948 ,6024 ,351619860 
2024,우울증,경기,용인처인구,여,2154 ,12541 ,698221200 
2024,우울증,경기,이천시,남,1527 ,10634 ,526199690 
2024,우울증,경기,이천시,여,3195 ,23664 ,1116467530 
2024,우울증,경기,파주시,남,2917 ,23191 ,1897543730 
2024,우울증,경기,파주시,여,6241 ,54690 ,4244202360 
2024,우울증,경기,김포시,남,2788 ,18814 ,1587840130 
2024,우울증,경기,김포시,여,5595 ,38602 ,3087166720 
2024,우울증,경기,안성시,남,608 ,4260 ,232197780 
2024,우울증,경기,안성시,여,902 ,7264 ,422442270 
2024,우울증,경기,화성시,남,5300 ,35961 ,3045337900 
2024,우울증,경기,화성시,여,11211 ,79953 ,6658615210 
2024,우울증,경기,광주시,남,1791 ,11063 ,815154230 
2024,우울증,경기,광주시,여,3642 ,25644 ,1876258930 
2024,우울증,경기,양주시,남,785 ,4095 ,213150700 
2024,우울증,경기,양주시,여,1748 ,10954 ,604127890 
2024,우울증,경기,포천시,남,298 ,1609 ,104772960 
2024,우울증,경기,포천시,여,488 ,3432 ,213150650 
2024,우울증,경기,여주시,남,993 ,10682 ,492543440 
2024,우울증,경기,여주시,여,2014 ,21032 ,874816670 
2024,우울증,강원,고성군,남,12 ,28 ,572890 
2024,우울증,강원,고성군,여,18 ,45 ,1291550 
2024,우울증,강원,양구군,남,37 ,154 ,2352690 
2024,우울증,강원,양구군,여,53 ,214 ,4165110 
2024,우울증,강원,양양군,남,39 ,192 ,2769860 
2024,우울증,강원,양양군,여,93 ,299 ,4728860 
2024,우울증,강원,영월군,남,38 ,108 ,3248540 
2024,우울증,강원,영월군,여,69 ,234 ,3377760 
2024,우울증,강원,인제군,남,31 ,82 ,1399670 
2024,우울증,강원,인제군,여,64 ,182 ,3181550 
2024,우울증,강원,정선군,남,15 ,47 ,956750 
2024,우울증,강원,정선군,여,44 ,157 ,3405770 
2024,우울증,강원,철원군,남,21 ,58 ,911180 
2024,우울증,강원,철원군,여,40 ,131 ,2026280 
2024,우울증,강원,평창군,남,101 ,374 ,10322490 
2024,우울증,강원,평창군,여,221 ,763 ,21045630 
2024,우울증,강원,홍천군,남,497 ,3727 ,129175500 
2024,우울증,강원,홍천군,여,690 ,6757 ,226999990 
2024,우울증,강원,화천군,남,16 ,54 ,915640 
2024,우울증,강원,화천군,여,26 ,107 ,1474280 
2024,우울증,강원,횡성군,남,44 ,143 ,2705900 
2024,우울증,강원,횡성군,여,75 ,238 ,4377290 
2024,우울증,강원,강릉시,남,2112 ,19625 ,1416265480 
2024,우울증,강원,강릉시,여,3866 ,25605 ,1659916390 
2024,우울증,강원,동해시,남,461 ,2957 ,155476190 
2024,우울증,강원,동해시,여,749 ,4873 ,279494240 
2024,우울증,강원,속초시,남,504 ,4416 ,285716470 
2024,우울증,강원,속초시,여,970 ,8897 ,462937050 
2024,우울증,강원,원주시,남,2713 ,18027 ,1140979680 
2024,우울증,강원,원주시,여,5538 ,37733 ,2134990390 
2024,우울증,강원,춘천시,남,2559 ,16499 ,1263855050 
2024,우울증,강원,춘천시,여,4446 ,27492 ,1956890310 
2024,우울증,강원,태백시,남,51 ,306 ,15040780 
2024,우울증,강원,태백시,여,103 ,783 ,36550750 
2024,우울증,강원,삼척시,남,462 ,3517 ,201886090 
2024,우울증,강원,삼척시,여,954 ,8551 ,471240780 
2024,우울증,충북,괴산군,남,156 ,580 ,23720500 
2024,우울증,충북,괴산군,여,317 ,1447 ,56065830 
2024,우울증,충북,단양군,남,73 ,368 ,12864620 
2024,우울증,충북,단양군,여,163 ,906 ,35494020 
2024,우울증,충북,보은군,남,191 ,1753 ,118679870 
2024,우울증,충북,보은군,여,321 ,2910 ,188703890 
2024,우울증,충북,영동군,남,357 ,2328 ,98103290 
2024,우울증,충북,영동군,여,734 ,4190 ,180600980 
2024,우울증,충북,옥천군,남,381 ,4742 ,219711550 
2024,우울증,충북,옥천군,여,659 ,7947 ,390175350 
2024,우울증,충북,음성군,남,654 ,4879 ,344290670 
2024,우울증,충북,음성군,여,443 ,2027 ,121807350 
2024,우울증,충북,진천군,남,571 ,4503 ,293098450 
2024,우울증,충북,진천군,여,1153 ,8492 ,496751430 
2024,우울증,충북,증평군,남,202 ,1043 ,15949570 
2024,우울증,충북,증평군,여,408 ,2285 ,36951210 
2024,우울증,충북,청주상당구,남,2059 ,13878 ,915453710 
2024,우울증,충북,청주상당구,여,4291 ,27565 ,1541384340 
2024,우울증,충북,청주흥덕구,남,2100 ,15592 ,976973710 
2024,우울증,충북,청주흥덕구,여,4373 ,31426 ,1855728760 
2024,우울증,충북,청주청원구,남,1796 ,11650 ,755810540 
2024,우울증,충북,청주청원구,여,3160 ,21406 ,1429784570 
2024,우울증,충북,청주서원구,남,1426 ,10580 ,532961640 
2024,우울증,충북,청주서원구,여,2440 ,17975 ,891296650 
2024,우울증,충북,충주시,남,1413 ,10937 ,763913990 
2024,우울증,충북,충주시,여,2861 ,23111 ,1572212410 
2024,우울증,충북,제천시,남,1412 ,13639 ,892228150 
2024,우울증,충북,제천시,여,2464 ,25958 ,1622478690 
2024,우울증,충남,금산군,남,329 ,2778 ,121346920 
2024,우울증,충남,금산군,여,655 ,5241 ,227321610 
2024,우울증,충남,부여군,남,729 ,5042 ,269645330 
2024,우울증,충남,부여군,여,1236 ,8261 ,449175830 
2024,우울증,충남,서천군,남,295 ,2041 ,101351940 
2024,우울증,충남,서천군,여,725 ,5461 ,274560060 
2024,우울증,충남,예산군,남,883 ,5515 ,398021940 
2024,우울증,충남,예산군,여,1540 ,10414 ,750879760 
2024,우울증,충남,청양군,남,140 ,610 ,14818080 
2024,우울증,충남,청양군,여,297 ,1231 ,32485050 
2024,우울증,충남,홍성군,남,667 ,4406 ,316353160 
2024,우울증,충남,홍성군,여,1369 ,9732 ,638515300 
2024,우울증,충남,태안군,남,199 ,1033 ,30564480 
2024,우울증,충남,태안군,여,387 ,2090 ,61253770 
2024,우울증,충남,천안서북구,남,2644 ,19389 ,1427615100 
2024,우울증,충남,천안서북구,여,5514 ,45509 ,3521801400 
2024,우울증,충남,천안동남구,남,1909 ,12371 ,826408560 
2024,우울증,충남,천안동남구,여,4100 ,28515 ,1878089380 
2024,우울증,충남,공주시,남,1087 ,7796 ,716697670 
2024,우울증,충남,공주시,여,1727 ,13189 ,1167579300 
2024,우울증,충남,보령시,남,485 ,3377 ,138760790 
2024,우울증,충남,보령시,여,966 ,7479 ,318408720 
2024,우울증,충남,아산시,남,1898 ,13186 ,867337890 
2024,우울증,충남,아산시,여,4051 ,30711 ,2099178350 
2024,우울증,충남,서산시,남,540 ,2884 ,107046770 
2024,우울증,충남,서산시,여,908 ,5551 ,203170970 
2024,우울증,충남,논산시,남,1277 ,10411 ,557278810 
2024,우울증,충남,논산시,여,2516 ,22701 ,1080132890 
2024,우울증,충남,계룡시,남,21 ,26 ,409160 
2024,우울증,충남,계룡시,여,29 ,46 ,618890 
2024,우울증,충남,당진시,남,1622 ,9785 ,459680540 
2024,우울증,충남,당진시,여,2842 ,18460 ,875750110 
2024,우울증,전북,고창군,남,221 ,1551 ,57262130 
2024,우울증,전북,고창군,여,466 ,3589 ,141965760 
2024,우울증,전북,무주군,남,20 ,111 ,1704570 
2024,우울증,전북,무주군,여,46 ,203 ,3049570 
2024,우울증,전북,부안군,남,146 ,602 ,24584520 
2024,우울증,전북,부안군,여,278 ,1482 ,51830760 
2024,우울증,전북,순창군,남,71 ,506 ,16922860 
2024,우울증,전북,순창군,여,116 ,1082 ,36753710 
2024,우울증,전북,완주군,남,380 ,4021 ,427428480 
2024,우울증,전북,완주군,여,767 ,7045 ,794450870 
2024,우울증,전북,임실군,남,20 ,558 ,41937330 
2024,우울증,전북,임실군,여,33 ,251 ,16031600 
2024,우울증,전북,장수군,남,41 ,90 ,1731970 
2024,우울증,전북,장수군,여,80 ,245 ,4087160 
2024,우울증,전북,진안군,남,47 ,132 ,1855640 
2024,우울증,전북,진안군,여,81 ,196 ,3052070 
2024,우울증,전북,군산시,남,1499 ,9478 ,663491250 
2024,우울증,전북,군산시,여,2852 ,20555 ,1378354480 
2024,우울증,전북,남원시,남,609 ,5312 ,193821750 
2024,우울증,전북,남원시,여,1089 ,9130 ,322910190 
2024,우울증,전북,익산시,남,1222 ,8215 ,586336180 
2024,우울증,전북,익산시,여,2387 ,17070 ,1202685510 
2024,우울증,전북,전주완산구,남,2709 ,20223 ,1362061710 
2024,우울증,전북,전주완산구,여,5945 ,45788 ,3155770850 
2024,우울증,전북,전주덕진구,남,2022 ,14404 ,848060400 
2024,우울증,전북,전주덕진구,여,4064 ,30373 ,1844619180 
2024,우울증,전북,정읍시,남,512 ,3570 ,233627860 
2024,우울증,전북,정읍시,여,925 ,6055 ,389506410 
2024,우울증,전북,김제시,남,441 ,5676 ,426257600 
2024,우울증,전북,김제시,여,739 ,8163 ,535301610 
2024,우울증,전남,강진군,남,114 ,380 ,31631600 
2024,우울증,전남,강진군,여,221 ,773 ,59799950 
2024,우울증,전남,고흥군,남,390 ,3151 ,170501340 
2024,우울증,전남,고흥군,여,772 ,6966 ,387204970 
2024,우울증,전남,곡성군,남,40 ,158 ,6659160 
2024,우울증,전남,곡성군,여,90 ,505 ,25456350 
2024,우울증,전남,구례군,남,74 ,485 ,19731730 
2024,우울증,전남,구례군,여,198 ,1276 ,52466400 
2024,우울증,전남,담양군,남,210 ,2527 ,241128180 
2024,우울증,전남,담양군,여,315 ,2621 ,230989030 
2024,우울증,전남,무안군,남,150 ,1470 ,107752240 
2024,우울증,전남,무안군,여,285 ,3210 ,245343100 
2024,우울증,전남,보성군,남,133 ,1275 ,108365780 
2024,우울증,전남,보성군,여,211 ,2767 ,256675610 
2024,우울증,전남,신안군,남,21 ,47 ,709460 
2024,우울증,전남,신안군,여,32 ,127 ,3983990 
2024,우울증,전남,영광군,남,274 ,2274 ,147408820 
2024,우울증,전남,영광군,여,560 ,3465 ,199266180 
2024,우울증,전남,영암군,남,113 ,648 ,43136930 
2024,우울증,전남,영암군,여,168 ,900 ,52632260 
2024,우울증,전남,완도군,남,36 ,140 ,2379630 
2024,우울증,전남,완도군,여,81 ,327 ,6178260 
2024,우울증,전남,장성군,남,135 ,636 ,41693680 
2024,우울증,전남,장성군,여,142 ,890 ,51503900 
2024,우울증,전남,장흥군,남,47 ,142 ,5069060 
2024,우울증,전남,장흥군,여,94 ,303 ,10586500 
2024,우울증,전남,진도군,남,38 ,153 ,8236560 
2024,우울증,전남,진도군,여,69 ,331 ,9010560 
2024,우울증,전남,함평군,남,115 ,548 ,41327700 
2024,우울증,전남,함평군,여,212 ,1090 ,90375510 
2024,우울증,전남,해남군,남,1000 ,4531 ,482333550 
2024,우울증,전남,해남군,여,1960 ,8320 ,950424980 
2024,우울증,전남,화순군,남,271 ,3910 ,343801570 
2024,우울증,전남,화순군,여,463 ,3838 ,292370650 
2024,우울증,전남,나주시,남,579 ,5033 ,437707400 
2024,우울증,전남,나주시,여,1047 ,7132 ,577414520 
2024,우울증,전남,목포시,남,2384 ,16506 ,1213052860 
2024,우울증,전남,목포시,여,4165 ,29797 ,2095817350 
2024,우울증,전남,순천시,남,1311 ,8533 ,640796270 
2024,우울증,전남,순천시,여,2676 ,19416 ,1439047780 
2024,우울증,전남,여수시,남,1504 ,8615 ,476332550 
2024,우울증,전남,여수시,여,2670 ,17260 ,930425930 
2024,우울증,전남,광양시,남,235 ,1214 ,64203340 
2024,우울증,전남,광양시,여,472 ,2408 ,127409220 
2024,우울증,경북,고령군,남,13 ,69 ,904640 
2024,우울증,경북,고령군,여,17 ,59 ,1101440 
2024,우울증,경북,군위군,남,0 ,0 ,0 
2024,우울증,경북,군위군,여,0 ,0 ,0 
2024,우울증,경북,봉화군,남,33 ,126 ,1833230 
2024,우울증,경북,봉화군,여,66 ,215 ,3052250 
2024,우울증,경북,성주군,남,27 ,545 ,26925510 
2024,우울증,경북,성주군,여,91 ,393 ,11099640 
2024,우울증,경북,영덕군,남,40 ,190 ,12629210 
2024,우울증,경북,영덕군,여,85 ,298 ,3904060 
2024,우울증,경북,영양군,남,12 ,22 ,130460 
2024,우울증,경북,영양군,여,19 ,38 ,394130 
2024,우울증,경북,예천군,남,54 ,139 ,9500420 
2024,우울증,경북,예천군,여,54 ,136 ,2809370 
2024,우울증,경북,울릉군,남,12 ,37 ,1463500 
2024,우울증,경북,울릉군,여,42 ,119 ,6858550 
2024,우울증,경북,울진군,남,161 ,689 ,17105190 
2024,우울증,경북,울진군,여,270 ,1540 ,38487600 
2024,우울증,경북,의성군,남,80 ,639 ,37502930 
2024,우울증,경북,의성군,여,122 ,593 ,21038390 
2024,우울증,경북,청도군,남,189 ,3649 ,266360450 
2024,우울증,경북,청도군,여,178 ,1350 ,91913150 
2024,우울증,경북,청송군,남,69 ,1513 ,132986410 
2024,우울증,경북,청송군,여,68 ,785 ,60306520 
2024,우울증,경북,칠곡군,남,225 ,1709 ,103788500 
2024,우울증,경북,칠곡군,여,331 ,5875 ,466710690 
2024,우울증,경북,경주시,남,1627 ,11024 ,808163250 
2024,우울증,경북,경주시,여,2662 ,21037 ,1427941220 
2024,우울증,경북,구미시,남,3329 ,19388 ,1055487010 
2024,우울증,경북,구미시,여,5393 ,33387 ,1874987800 
2024,우울증,경북,김천시,남,1095 ,9000 ,452546280 
2024,우울증,경북,김천시,여,1878 ,15223 ,701501650 
2024,우울증,경북,안동시,남,993 ,6567 ,455642990 
2024,우울증,경북,안동시,여,1779 ,11116 ,734714290 
2024,우울증,경북,영주시,남,487 ,2965 ,172532680 
2024,우울증,경북,영주시,여,893 ,5054 ,252393430 
2024,우울증,경북,영천시,남,474 ,5687 ,377386660 
2024,우울증,경북,영천시,여,976 ,10979 ,598050360 
2024,우울증,경북,포항남구,남,902 ,5105 ,359690590 
2024,우울증,경북,포항남구,여,2128 ,13739 ,996050920 
2024,우울증,경북,포항북구,남,2191 ,17319 ,1131569480 
2024,우울증,경북,포항북구,여,3838 ,30553 ,1910025610 
2024,우울증,경북,문경시,남,795 ,5657 ,247625420 
2024,우울증,경북,문경시,여,1574 ,10816 ,510643320 
2024,우울증,경북,상주시,남,439 ,10075 ,748531150 
2024,우울증,경북,상주시,여,697 ,5691 ,279214340 
2024,우울증,경북,경산시,남,1799 ,8122 ,641879620 
2024,우울증,경북,경산시,여,3490 ,18069 ,1444503550 
2024,우울증,경남,거창군,남,219 ,1152 ,46426140 
2024,우울증,경남,거창군,여,514 ,2914 ,119639310 
2024,우울증,경남,고성군,남,108 ,1175 ,117220300 
2024,우울증,경남,고성군,여,139 ,685 ,56527490 
2024,우울증,경남,남해군,남,28 ,135 ,2056530 
2024,우울증,경남,남해군,여,101 ,368 ,5999730 
2024,우울증,경남,산청군,남,34 ,131 ,2866520 
2024,우울증,경남,산청군,여,105 ,331 ,7174890 
2024,우울증,경남,의령군,남,55 ,1593 ,144808020 
2024,우울증,경남,의령군,여,114 ,4958 ,500002800 
2024,우울증,경남,창녕군,남,173 ,974 ,55516260 
2024,우울증,경남,창녕군,여,278 ,1340 ,66655750 
2024,우울증,경남,하동군,남,119 ,734 ,41881850 
2024,우울증,경남,하동군,여,201 ,1329 ,78137190 
2024,우울증,경남,함안군,남,101 ,953 ,78404270 
2024,우울증,경남,함안군,여,157 ,830 ,53310510 
2024,우울증,경남,함양군,남,76 ,199 ,8587700 
2024,우울증,경남,함양군,여,152 ,320 ,10251640 
2024,우울증,경남,합천군,남,89 ,377 ,13193500 
2024,우울증,경남,합천군,여,168 ,643 ,27146530 
2024,우울증,경남,김해시,남,2422 ,21922 ,1607533820 
2024,우울증,경남,김해시,여,4819 ,43798 ,2968066100 
2024,우울증,경남,사천시,남,280 ,2638 ,197313150 
2024,우울증,경남,사천시,여,539 ,3840 ,267775870 
2024,우울증,경남,진주시,남,3491 ,22438 ,1230911730 
2024,우울증,경남,진주시,여,6487 ,42806 ,2154980960 
2024,우울증,경남,창원마산회원구,남,925 ,7828 ,479993410 
2024,우울증,경남,창원마산회원구,여,1857 ,17001 ,1028478670 
2024,우울증,경남,창원마산합포구,남,1081 ,9021 ,498461470 
2024,우울증,경남,창원마산합포구,여,2112 ,16769 ,896073270 
2024,우울증,경남,창원진해구,남,525 ,4439 ,339535710 
2024,우울증,경남,창원진해구,여,1188 ,10095 ,785495160 
2024,우울증,경남,창원의창구,남,520 ,3136 ,192751870 
2024,우울증,경남,창원의창구,여,1036 ,6204 ,366037320 
2024,우울증,경남,창원성산구,남,1900 ,14326 ,991691340 
2024,우울증,경남,창원성산구,여,3925 ,33226 ,2248731880 
2024,우울증,경남,통영시,남,678 ,3744 ,162896810 
2024,우울증,경남,통영시,여,1343 ,7891 ,315270370 
2024,우울증,경남,밀양시,남,768 ,4951 ,412989030 
2024,우울증,경남,밀양시,여,1330 ,8500 ,675790430 
2024,우울증,경남,거제시,남,1300 ,9633 ,533674520 
2024,우울증,경남,거제시,여,2849 ,17967 ,733963680 
2024,우울증,경남,양산시,남,2203 ,18819 ,1315685360 
2024,우울증,경남,양산시,여,4103 ,34916 ,2240389080 
2024,우울증,제주,서귀포시,남,783 ,5275 ,226027350 
2024,우울증,제주,서귀포시,여,1500 ,9648 ,454852210 
2024,우울증,제주,제주시,남,4068 ,30256 ,1940934740 
2024,우울증,제주,제주시,여,8666 ,67519 ,4321109640 
2024,우울증,세종,세종시,남,3690 ,23064 ,1766614500 
2024,우울증,세종,세종시,여,7150 ,50786 ,3962641030 
2024,조울증,서울,강남구,남,2195 ,16491 ,1892511390 
2024,조울증,서울,강남구,여,4606 ,39280 ,4965628360 
2024,조울증,서울,강동구,남,679 ,6721 ,584229730 
2024,조울증,서울,강동구,여,977 ,8633 ,648106100 
2024,조울증,서울,강서구,남,686 ,5611 ,466260950 
2024,조울증,서울,강서구,여,1209 ,10491 ,864832840 
2024,조울증,서울,관악구,남,508 ,4405 ,325551260 
2024,조울증,서울,관악구,여,995 ,9261 ,728461500 
2024,조울증,서울,구로구,남,547 ,5997 ,560818500 
2024,조울증,서울,구로구,여,1022 ,12905 ,1260870940 
2024,조울증,서울,도봉구,남,191 ,2572 ,202080200 
2024,조울증,서울,도봉구,여,359 ,4439 ,329938180 
2024,조울증,서울,동대문구,남,1320 ,16084 ,1512316960 
2024,조울증,서울,동대문구,여,2092 ,23767 ,2217165650 
2024,조울증,서울,동작구,남,563 ,4501 ,507152930 
2024,조울증,서울,동작구,여,1105 ,9126 ,1127265800 
2024,조울증,서울,마포구,남,564 ,5050 ,431632690 
2024,조울증,서울,마포구,여,1444 ,13937 ,1302111380 
2024,조울증,서울,서대문구,남,775 ,5332 ,386719330 
2024,조울증,서울,서대문구,여,1351 ,12853 ,1087461500 
2024,조울증,서울,성동구,남,459 ,4797 ,552310430 
2024,조울증,서울,성동구,여,871 ,9352 ,1111733870 
2024,조울증,서울,성북구,남,539 ,4692 ,499316020 
2024,조울증,서울,성북구,여,989 ,8818 ,981338170 
2024,조울증,서울,영등포구,남,824 ,10740 ,1080297470 
2024,조울증,서울,영등포구,여,1280 ,13624 ,1329376020 
2024,조울증,서울,용산구,남,213 ,1648 ,179881970 
2024,조울증,서울,용산구,여,413 ,3595 ,355736870 
2024,조울증,서울,은평구,남,480 ,4182 ,332190360 
2024,조울증,서울,은평구,여,910 ,7867 ,595508310 
2024,조울증,서울,종로구,남,1201 ,9324 ,1086187020 
2024,조울증,서울,종로구,여,2259 ,19401 ,2452135420 
2024,조울증,서울,중구,남,277 ,2539 ,246472690 
2024,조울증,서울,중구,여,588 ,4892 ,508309080 
2024,조울증,서울,송파구,남,1296 ,12581 ,1266908530 
2024,조울증,서울,송파구,여,2534 ,26202 ,2823072740 
2024,조울증,서울,중랑구,남,415 ,5655 ,478201670 
2024,조울증,서울,중랑구,여,727 ,8606 ,687750390 
2024,조울증,서울,양천구,남,365 ,2868 ,200235990 
2024,조울증,서울,양천구,여,555 ,4418 ,356167160 
2024,조울증,서울,서초구,남,1091 ,9410 ,1000572500 
2024,조울증,서울,서초구,여,2051 ,18852 ,1968417360 
2024,조울증,서울,노원구,남,418 ,3520 ,259314970 
2024,조울증,서울,노원구,여,727 ,7217 ,649223100 
2024,조울증,서울,광진구,남,647 ,6446 ,600857690 
2024,조울증,서울,광진구,여,1287 ,14552 ,1558450220 
2024,조울증,서울,강북구,남,140 ,1198 ,59547290 
2024,조울증,서울,강북구,여,294 ,2500 ,149901710 
2024,조울증,서울,금천구,남,194 ,2589 ,242889790 
2024,조울증,서울,금천구,여,364 ,4139 ,422892850 
2024,조울증,부산,부산남구,남,201 ,3397 ,306950180 
2024,조울증,부산,부산남구,여,290 ,3422 ,331830380 
2024,조울증,부산,부산동구,남,210 ,3051 ,401665970 
2024,조울증,부산,부산동구,여,407 ,6476 ,952571190 
2024,조울증,부산,부산동래구,남,212 ,2037 ,140473310 
2024,조울증,부산,부산동래구,여,401 ,3982 ,294736110 
2024,조울증,부산,부산진구,남,441 ,4087 ,310355060 
2024,조울증,부산,부산진구,여,764 ,7618 ,601656050 
2024,조울증,부산,부산북구,남,125 ,1941 ,159121460 
2024,조울증,부산,부산북구,여,175 ,2134 ,138823800 
2024,조울증,부산,부산서구,남,290 ,2472 ,282669940 
2024,조울증,부산,부산서구,여,499 ,4624 ,593258590 
2024,조울증,부산,부산영도구,남,27 ,163 ,14620290 
2024,조울증,부산,부산영도구,여,50 ,320 ,26758640 
2024,조울증,부산,부산중구,남,59 ,423 ,36999270 
2024,조울증,부산,부산중구,여,74 ,599 ,52542830 
2024,조울증,부산,부산해운대구,남,384 ,4316 ,372206610 
2024,조울증,부산,부산해운대구,여,752 ,9454 ,860433510 
2024,조울증,부산,부산사하구,남,171 ,2047 ,133826500 
2024,조울증,부산,부산사하구,여,283 ,3353 ,233664130 
2024,조울증,부산,부산금정구,남,161 ,2937 ,261081370 
2024,조울증,부산,부산금정구,여,223 ,3310 ,280587450 
2024,조울증,부산,부산강서구,남,0 ,0 ,0 
2024,조울증,부산,부산강서구,여,18 ,126 ,8761760 
2024,조울증,부산,부산연제구,남,208 ,2938 ,243229390 
2024,조울증,부산,부산연제구,여,368 ,5188 ,444629490 
2024,조울증,부산,부산수영구,남,414 ,4252 ,305666550 
2024,조울증,부산,부산수영구,여,904 ,9133 ,645436220 
2024,조울증,부산,부산사상구,남,402 ,7421 ,726867090 
2024,조울증,부산,부산사상구,여,437 ,6639 ,637027080 
2024,조울증,부산,부산기장군,남,52 ,434 ,27317450 
2024,조울증,부산,부산기장군,여,83 ,864 ,55819190 
2024,조울증,인천,인천미추홀구,남,403 ,6999 ,632762910 
2024,조울증,인천,인천미추홀구,여,595 ,7219 ,660732850 
2024,조울증,인천,인천동구,남,56 ,377 ,45992140 
2024,조울증,인천,인천동구,여,71 ,534 ,68259630 
2024,조울증,인천,인천부평구,남,529 ,6226 ,625174970 
2024,조울증,인천,인천부평구,여,905 ,12115 ,1207214820 
2024,조울증,인천,인천중구,남,301 ,1905 ,174377120 
2024,조울증,인천,인천중구,여,475 ,3490 ,319282120 
2024,조울증,인천,인천서구,남,928 ,10143 ,902534790 
2024,조울증,인천,인천서구,여,1360 ,12441 ,1105531850 
2024,조울증,인천,인천남동구,남,735 ,7518 ,629818910 
2024,조울증,인천,인천남동구,여,1361 ,11605 ,930022320 
2024,조울증,인천,인천연수구,남,85 ,745 ,54800690 
2024,조울증,인천,인천연수구,여,166 ,1449 ,112447550 
2024,조울증,인천,인천계양구,남,450 ,8257 ,866241420 
2024,조울증,인천,인천계양구,여,652 ,10404 ,1024892350 
2024,조울증,인천,인천강화군,남,26 ,159 ,13545890 
2024,조울증,인천,인천강화군,여,44 ,567 ,44210900 
2024,조울증,인천,인천옹진군,남,0 ,0 ,0 
2024,조울증,인천,인천옹진군,여,0 ,0 ,0 
2024,조울증,대구,대구남구,남,247 ,2156 ,255075770 
2024,조울증,대구,대구남구,여,395 ,3303 ,365741920 
2024,조울증,대구,대구동구,남,479 ,7357 ,698631210 
2024,조울증,대구,대구동구,여,491 ,7403 ,685220310 
2024,조울증,대구,대구북구,남,230 ,3779 ,289161830 
2024,조울증,대구,대구북구,여,345 ,4266 ,342043090 
2024,조울증,대구,대구서구,남,121 ,1547 ,116066820 
2024,조울증,대구,대구서구,여,215 ,3921 ,318268120 
2024,조울증,대구,대구수성구,남,458 ,5821 ,449360650 
2024,조울증,대구,대구수성구,여,765 ,8041 ,571011860 
2024,조울증,대구,대구중구,남,244 ,1808 ,146408700 
2024,조울증,대구,대구중구,여,455 ,3533 ,328668500 
2024,조울증,대구,대구달서구,남,701 ,11802 ,1148518420 
2024,조울증,대구,대구달서구,여,868 ,11595 ,1001861120 
2024,조울증,대구,대구달성군,남,121 ,1881 ,154883440 
2024,조울증,대구,대구달성군,여,211 ,2324 ,180814950 
2024,조울증,대구,대구군위군,남,0 ,0 ,0 
2024,조울증,대구,대구군위군,여,0 ,0 ,0 
2024,조울증,광주,광주동구,남,324 ,3640 ,435344610 
2024,조울증,광주,광주동구,여,489 ,6824 ,890579180 
2024,조울증,광주,광주북구,남,490 ,5523 ,548215630 
2024,조울증,광주,광주북구,여,775 ,8491 ,848190660 
2024,조울증,광주,광주서구,남,198 ,2103 ,143795940 
2024,조울증,광주,광주서구,여,303 ,2876 ,201199370 
2024,조울증,광주,광주광산구,남,194 ,2624 ,206658230 
2024,조울증,광주,광주광산구,여,314 ,3109 ,262035640 
2024,조울증,광주,광주남구,남,118 ,1235 ,96988040 
2024,조울증,광주,광주남구,여,181 ,2509 ,190215810 
2024,조울증,대전,대전유성구,남,355 ,3028 ,183708790 
2024,조울증,대전,대전유성구,여,543 ,4586 ,305460070 
2024,조울증,대전,대전대덕구,남,80 ,667 ,58735560 
2024,조울증,대전,대전대덕구,여,90 ,913 ,60359220 
2024,조울증,대전,대전서구,남,549 ,5444 ,423914960 
2024,조울증,대전,대전서구,여,821 ,8283 ,699798430 
2024,조울증,대전,대전동구,남,313 ,3153 ,180214140 
2024,조울증,대전,대전동구,여,422 ,3595 ,193764330 
2024,조울증,대전,대전중구,남,593 ,8349 ,740035000 
2024,조울증,대전,대전중구,여,843 ,9531 ,849458680 
2024,조울증,울산,울산남구,남,494 ,5402 ,475570920 
2024,조울증,울산,울산남구,여,862 ,11238 ,1050498230 
2024,조울증,울산,울산동구,남,154 ,994 ,199561930 
2024,조울증,울산,울산동구,여,293 ,2346 ,453580290 
2024,조울증,울산,울산중구,남,73 ,674 ,29395610 
2024,조울증,울산,울산중구,여,103 ,1000 ,46955850 
2024,조울증,울산,울산북구,남,37 ,236 ,13532690 
2024,조울증,울산,울산북구,여,39 ,297 ,14208670 
2024,조울증,울산,울산울주군,남,116 ,3156 ,322027850 
2024,조울증,울산,울산울주군,여,112 ,3284 ,333543890 
2024,조울증,경기,가평군,남,43 ,1558 ,125602600 
2024,조울증,경기,가평군,여,48 ,232 ,15817880 
2024,조울증,경기,양평군,남,49 ,270 ,11356080 
2024,조울증,경기,양평군,여,104 ,621 ,20614470 
2024,조울증,경기,연천군,남,29 ,124 ,18287510 
2024,조울증,경기,연천군,여,34 ,219 ,25226550 
2024,조울증,경기,광명시,남,319 ,2705 ,242624460 
2024,조울증,경기,광명시,여,517 ,5226 ,465970760 
2024,조울증,경기,동두천시,남,141 ,2167 ,172866420 
2024,조울증,경기,동두천시,여,295 ,3341 ,237779110 
2024,조울증,경기,부천시,남,0 ,0 ,0 
2024,조울증,경기,부천시,여,0 ,0 ,0 
2024,조울증,경기,부천소사구,남,239 ,2776 ,265284020 
2024,조울증,경기,부천소사구,여,405 ,6507 ,690784970 
2024,조울증,경기,부천오정구,남,47 ,1012 ,81656040 
2024,조울증,경기,부천오정구,여,127 ,1783 ,130664630 
2024,조울증,경기,부천원미구,남,661 ,6166 ,519598670 
2024,조울증,경기,부천원미구,여,1484 ,13708 ,1102026330 
2024,조울증,경기,성남수정구,남,263 ,3427 ,294909970 
2024,조울증,경기,성남수정구,여,457 ,5760 ,471928780 
2024,조울증,경기,성남중원구,남,160 ,1343 ,86835540 
2024,조울증,경기,성남중원구,여,321 ,3056 ,215957410 
2024,조울증,경기,성남분당구,남,1685 ,12347 ,968711670 
2024,조울증,경기,성남분당구,여,3348 ,26912 ,2533008910 
2024,조울증,경기,수원권선구,남,91 ,976 ,67127690 
2024,조울증,경기,수원권선구,여,108 ,1371 ,101767100 
2024,조울증,경기,수원장안구,남,171 ,3122 ,281060800 
2024,조울증,경기,수원장안구,여,325 ,5003 ,397342930 
2024,조울증,경기,수원팔달구,남,614 ,5289 ,642002060 
2024,조울증,경기,수원팔달구,여,1145 ,9245 ,1228760980 
2024,조울증,경기,수원영통구,남,465 ,3849 ,405348950 
2024,조울증,경기,수원영통구,여,874 ,6766 ,581901660 
2024,조울증,경기,안양만안구,남,425 ,2319 ,169849490 
2024,조울증,경기,안양만안구,여,176 ,1626 ,131093340 
2024,조울증,경기,안양동안구,남,452 ,4536 ,318221670 
2024,조울증,경기,안양동안구,여,966 ,10091 ,800909050 
2024,조울증,경기,의정부시,남,744 ,8698 ,935677900 
2024,조울증,경기,의정부시,여,1190 ,12496 ,1424032710 
2024,조울증,경기,과천시,남,18 ,154 ,13665290 
2024,조울증,경기,과천시,여,35 ,176 ,15894440 
2024,조울증,경기,구리시,남,159 ,1665 ,145619620 
2024,조울증,경기,구리시,여,228 ,2492 ,211941050 
2024,조울증,경기,안산단원구,남,448 ,7365 ,833377600 
2024,조울증,경기,안산단원구,여,799 ,11871 ,1203848770 
2024,조울증,경기,안산상록구,남,163 ,2132 ,165346460 
2024,조울증,경기,안산상록구,여,251 ,3951 ,280727480 
2024,조울증,경기,평택시,남,655 ,5332 ,348065540 
2024,조울증,경기,평택시,여,1098 ,10490 ,711775350 
2024,조울증,경기,하남시,남,143 ,1161 ,95449750 
2024,조울증,경기,하남시,여,276 ,2278 ,178514960 
2024,조울증,경기,군포시,남,147 ,1741 ,128710970 
2024,조울증,경기,군포시,여,296 ,2431 ,194267480 
2024,조울증,경기,남양주시,남,417 ,4304 ,318210440 
2024,조울증,경기,남양주시,여,759 ,6022 ,394745870 
2024,조울증,경기,의왕시,남,275 ,5440 ,649777350 
2024,조울증,경기,의왕시,여,286 ,6859 ,814429100 
2024,조울증,경기,시흥시,남,216 ,2164 ,161129760 
2024,조울증,경기,시흥시,여,385 ,3600 ,274501550 
2024,조울증,경기,오산시,남,261 ,1787 ,128851430 
2024,조울증,경기,오산시,여,439 ,3442 ,239872510 
2024,조울증,경기,고양덕양구,남,487 ,5127 ,524542870 
2024,조울증,경기,고양덕양구,여,864 ,7182 ,708309130 
2024,조울증,경기,고양일산서구,남,405 ,3281 ,223033800 
2024,조울증,경기,고양일산서구,여,760 ,6705 ,455899960 
2024,조울증,경기,고양일산동구,남,641 ,9734 ,1058271000 
2024,조울증,경기,고양일산동구,여,1269 ,15278 ,1692738410 
2024,조울증,경기,용인기흥구,남,515 ,7348 ,784940550 
2024,조울증,경기,용인기흥구,여,837 ,10364 ,1052358780 
2024,조울증,경기,용인수지구,남,154 ,1007 ,55555190 
2024,조울증,경기,용인수지구,여,270 ,1876 ,112501050 
2024,조울증,경기,용인처인구,남,134 ,909 ,50655310 
2024,조울증,경기,용인처인구,여,217 ,1675 ,100686570 
2024,조울증,경기,이천시,남,201 ,2401 ,186500550 
2024,조울증,경기,이천시,여,439 ,5598 ,433693260 
2024,조울증,경기,파주시,남,232 ,2453 ,212250210 
2024,조울증,경기,파주시,여,398 ,4164 ,315571930 
2024,조울증,경기,김포시,남,480 ,6618 ,544489420 
2024,조울증,경기,김포시,여,642 ,6421 ,477488780 
2024,조울증,경기,안성시,남,138 ,2138 ,161502760 
2024,조울증,경기,안성시,여,209 ,3136 ,191140050 
2024,조울증,경기,화성시,남,617 ,6662 ,615429620 
2024,조울증,경기,화성시,여,1056 ,9981 ,859094760 
2024,조울증,경기,광주시,남,186 ,1120 ,88022060 
2024,조울증,경기,광주시,여,319 ,2489 ,175609190 
2024,조울증,경기,양주시,남,141 ,1832 ,127182590 
2024,조울증,경기,양주시,여,229 ,2017 ,100466720 
2024,조울증,경기,포천시,남,60 ,893 ,84086620 
2024,조울증,경기,포천시,여,76 ,1761 ,158647910 
2024,조울증,경기,여주시,남,112 ,1297 ,78946470 
2024,조울증,경기,여주시,여,143 ,1596 ,80860660 
2024,조울증,강원,고성군,남,0 ,0 ,0 
2024,조울증,강원,고성군,여,0 ,0 ,0 
2024,조울증,강원,양구군,남,0 ,0 ,0 
2024,조울증,강원,양구군,여,10 ,32 ,221350 
2024,조울증,강원,양양군,남,0 ,0 ,0 
2024,조울증,강원,양양군,여,0 ,0 ,0 
2024,조울증,강원,영월군,남,0 ,0 ,0 
2024,조울증,강원,영월군,여,0 ,0 ,0 
2024,조울증,강원,인제군,남,0 ,0 ,0 
2024,조울증,강원,인제군,여,0 ,0 ,0 
2024,조울증,강원,정선군,남,0 ,0 ,0 
2024,조울증,강원,정선군,여,0 ,0 ,0 
2024,조울증,강원,철원군,남,0 ,0 ,0 
2024,조울증,강원,철원군,여,0 ,0 ,0 
2024,조울증,강원,평창군,남,0 ,0 ,0 
2024,조울증,강원,평창군,여,0 ,0 ,0 
2024,조울증,강원,홍천군,남,27 ,161 ,5787250 
2024,조울증,강원,홍천군,여,33 ,297 ,10352380 
2024,조울증,강원,화천군,남,0 ,0 ,0 
2024,조울증,강원,화천군,여,0 ,0 ,0 
2024,조울증,강원,횡성군,남,24 ,84 ,1897590 
2024,조울증,강원,횡성군,여,41 ,228 ,3133440 
2024,조울증,강원,강릉시,남,221 ,3058 ,271078110 
2024,조울증,강원,강릉시,여,274 ,3543 ,327578710 
2024,조울증,강원,동해시,남,142 ,911 ,53561040 
2024,조울증,강원,동해시,여,141 ,1152 ,62414750 
2024,조울증,강원,속초시,남,32 ,325 ,21085240 
2024,조울증,강원,속초시,여,43 ,380 ,21331090 
2024,조울증,강원,원주시,남,498 ,6988 ,671885340 
2024,조울증,강원,원주시,여,725 ,7222 ,599069520 
2024,조울증,강원,춘천시,남,365 ,3896 ,354812010 
2024,조울증,강원,춘천시,여,434 ,4004 ,345061870 
2024,조울증,강원,태백시,남,18 ,143 ,8060420 
2024,조울증,강원,태백시,여,25 ,170 ,9836740 
2024,조울증,강원,삼척시,남,37 ,183 ,10452200 
2024,조울증,강원,삼척시,여,64 ,546 ,28183490 
2024,조울증,충북,괴산군,남,11 ,211 ,16297090 
2024,조울증,충북,괴산군,여,21 ,685 ,70289300 
2024,조울증,충북,단양군,남,0 ,0 ,0 
2024,조울증,충북,단양군,여,0 ,0 ,0 
2024,조울증,충북,보은군,남,31 ,979 ,92701390 
2024,조울증,충북,보은군,여,42 ,494 ,40101520 
2024,조울증,충북,영동군,남,26 ,1589 ,154457180 
2024,조울증,충북,영동군,여,20 ,179 ,10608050 
2024,조울증,충북,옥천군,남,14 ,133 ,5938980 
2024,조울증,충북,옥천군,여,33 ,303 ,13790360 
2024,조울증,충북,음성군,남,202 ,5246 ,503985380 
2024,조울증,충북,음성군,여,96 ,1679 ,157367450 
2024,조울증,충북,진천군,남,55 ,3229 ,298145420 
2024,조울증,충북,진천군,여,77 ,1244 ,100681280 
2024,조울증,충북,증평군,남,0 ,0 ,0 
2024,조울증,충북,증평군,여,0 ,0 ,0 
2024,조울증,충북,청주상당구,남,190 ,1850 ,150208080 
2024,조울증,충북,청주상당구,여,289 ,2193 ,143847350 
2024,조울증,충북,청주흥덕구,남,216 ,1776 ,109529000 
2024,조울증,충북,청주흥덕구,여,367 ,3444 ,232795500 
2024,조울증,충북,청주청원구,남,75 ,452 ,30007420 
2024,조울증,충북,청주청원구,여,153 ,1049 ,70839890 
2024,조울증,충북,청주서원구,남,327 ,2710 ,272324550 
2024,조울증,충북,청주서원구,여,564 ,4604 ,442272220 
2024,조울증,충북,충주시,남,100 ,978 ,76695670 
2024,조울증,충북,충주시,여,153 ,1833 ,137371920 
2024,조울증,충북,제천시,남,76 ,2363 ,242984620 
2024,조울증,충북,제천시,여,120 ,2189 ,196931330 
2024,조울증,충남,금산군,남,27 ,242 ,8854600 
2024,조울증,충남,금산군,여,48 ,336 ,14541410 
2024,조울증,충남,부여군,남,63 ,1209 ,95659240 
2024,조울증,충남,부여군,여,48 ,342 ,18269050 
2024,조울증,충남,서천군,남,19 ,312 ,24092360 
2024,조울증,충남,서천군,여,41 ,581 ,47737900 
2024,조울증,충남,예산군,남,59 ,322 ,27460590 
2024,조울증,충남,예산군,여,74 ,455 ,31954610 
2024,조울증,충남,청양군,남,16 ,115 ,2832530 
2024,조울증,충남,청양군,여,20 ,96 ,1182500 
2024,조울증,충남,홍성군,남,154 ,1917 ,195381170 
2024,조울증,충남,홍성군,여,212 ,2440 ,245617420 
2024,조울증,충남,태안군,남,23 ,123 ,3227240 
2024,조울증,충남,태안군,여,21 ,105 ,2780040 
2024,조울증,충남,천안서북구,남,273 ,2999 ,286607080 
2024,조울증,충남,천안서북구,여,500 ,5313 ,474054950 
2024,조울증,충남,천안동남구,남,557 ,4753 ,452116560 
2024,조울증,충남,천안동남구,여,1011 ,11432 ,1246460060 
2024,조울증,충남,공주시,남,236 ,4093 ,448936150 
2024,조울증,충남,공주시,여,262 ,3338 ,365231870 
2024,조울증,충남,보령시,남,68 ,815 ,58741490 
2024,조울증,충남,보령시,여,79 ,1772 ,136443270 
2024,조울증,충남,아산시,남,247 ,2087 ,219721280 
2024,조울증,충남,아산시,여,485 ,4339 ,437403410 
2024,조울증,충남,서산시,남,56 ,467 ,19028830 
2024,조울증,충남,서산시,여,76 ,698 ,25357580 
2024,조울증,충남,논산시,남,52 ,453 ,42885510 
2024,조울증,충남,논산시,여,93 ,1056 ,87513290 
2024,조울증,충남,계룡시,남,0 ,0 ,0 
2024,조울증,충남,계룡시,여,0 ,0 ,0 
2024,조울증,충남,당진시,남,236 ,2195 ,114894900 
2024,조울증,충남,당진시,여,320 ,3039 ,163039860 
2024,조울증,전북,고창군,남,24 ,130 ,4899300 
2024,조울증,전북,고창군,여,22 ,238 ,9522810 
2024,조울증,전북,무주군,남,0 ,0 ,0 
2024,조울증,전북,무주군,여,13 ,20 ,241810 
2024,조울증,전북,부안군,남,17 ,79 ,3053960 
2024,조울증,전북,부안군,여,20 ,124 ,4675080 
2024,조울증,전북,순창군,남,0 ,0 ,0 
2024,조울증,전북,순창군,여,0 ,0 ,0 
2024,조울증,전북,완주군,남,120 ,2727 ,380474920 
2024,조울증,전북,완주군,여,170 ,3359 ,482267570 
2024,조울증,전북,임실군,남,0 ,0 ,0 
2024,조울증,전북,임실군,여,0 ,0 ,0 
2024,조울증,전북,장수군,남,0 ,0 ,0 
2024,조울증,전북,장수군,여,0 ,0 ,0 
2024,조울증,전북,진안군,남,0 ,0 ,0 
2024,조울증,전북,진안군,여,0 ,0 ,0 
2024,조울증,전북,군산시,남,99 ,643 ,46666510 
2024,조울증,전북,군산시,여,160 ,1183 ,71897440 
2024,조울증,전북,남원시,남,55 ,565 ,30997100 
2024,조울증,전북,남원시,여,62 ,901 ,56512880 
2024,조울증,전북,익산시,남,173 ,1533 ,180843470 
2024,조울증,전북,익산시,여,293 ,2553 ,332762030 
2024,조울증,전북,전주완산구,남,320 ,2280 ,183943580 
2024,조울증,전북,전주완산구,여,536 ,4394 ,406250400 
2024,조울증,전북,전주덕진구,남,304 ,2649 ,201250140 
2024,조울증,전북,전주덕진구,여,458 ,4395 ,429754200 
2024,조울증,전북,정읍시,남,52 ,609 ,40725490 
2024,조울증,전북,정읍시,여,69 ,572 ,40722920 
2024,조울증,전북,김제시,남,174 ,4654 ,475378060 
2024,조울증,전북,김제시,여,136 ,3186 ,332505280 
2024,조울증,전남,강진군,남,0 ,0 ,0 
2024,조울증,전남,강진군,여,17 ,76 ,6765950 
2024,조울증,전남,고흥군,남,39 ,205 ,8667810 
2024,조울증,전남,고흥군,여,65 ,396 ,15164100 
2024,조울증,전남,곡성군,남,0 ,0 ,0 
2024,조울증,전남,곡성군,여,0 ,0 ,0 
2024,조울증,전남,구례군,남,0 ,0 ,0 
2024,조울증,전남,구례군,여,15 ,42 ,1045480 
2024,조울증,전남,담양군,남,72 ,3972 ,405293150 
2024,조울증,전남,담양군,여,73 ,1419 ,140792070 
2024,조울증,전남,무안군,남,18 ,157 ,12589780 
2024,조울증,전남,무안군,여,52 ,3470 ,298453140 
2024,조울증,전남,보성군,남,34 ,344 ,25504830 
2024,조울증,전남,보성군,여,30 ,665 ,61653040 
2024,조울증,전남,신안군,남,0 ,0 ,0 
2024,조울증,전남,신안군,여,0 ,0 ,0 
2024,조울증,전남,영광군,남,55 ,1449 ,120995220 
2024,조울증,전남,영광군,여,80 ,1139 ,80708110 
2024,조울증,전남,영암군,남,0 ,0 ,0 
2024,조울증,전남,영암군,여,15 ,522 ,45240220 
2024,조울증,전남,완도군,남,0 ,0 ,0 
2024,조울증,전남,완도군,여,10 ,60 ,1775200 
2024,조울증,전남,장성군,남,22 ,88 ,2722450 
2024,조울증,전남,장성군,여,15 ,95 ,7318030 
2024,조울증,전남,장흥군,남,11 ,79 ,5411990 
2024,조울증,전남,장흥군,여,13 ,119 ,8260170 
2024,조울증,전남,진도군,남,0 ,0 ,0 
2024,조울증,전남,진도군,여,10 ,45 ,4431170 
2024,조울증,전남,함평군,남,0 ,0 ,0 
2024,조울증,전남,함평군,여,0 ,0 ,0 
2024,조울증,전남,해남군,남,63 ,733 ,79033190 
2024,조울증,전남,해남군,여,96 ,639 ,68107290 
2024,조울증,전남,화순군,남,45 ,2011 ,212595890 
2024,조울증,전남,화순군,여,73 ,1331 ,162919550 
2024,조울증,전남,나주시,남,222 ,3641 ,386676230 
2024,조울증,전남,나주시,여,288 ,4621 ,455683450 
2024,조울증,전남,목포시,남,298 ,2842 ,233068660 
2024,조울증,전남,목포시,여,352 ,3944 ,290878220 
2024,조울증,전남,순천시,남,175 ,2093 ,191471540 
2024,조울증,전남,순천시,여,262 ,3538 ,310259850 
2024,조울증,전남,여수시,남,131 ,908 ,54257240 
2024,조울증,전남,여수시,여,226 ,1950 ,134630750 
2024,조울증,전남,광양시,남,39 ,268 ,15685090 
2024,조울증,전남,광양시,여,98 ,656 ,34572760 
2024,조울증,경북,고령군,남,0 ,0 ,0 
2024,조울증,경북,고령군,여,12 ,21 ,254410 
2024,조울증,경북,군위군,남,0 ,0 ,0 
2024,조울증,경북,군위군,여,0 ,0 ,0 
2024,조울증,경북,봉화군,남,0 ,0 ,0 
2024,조울증,경북,봉화군,여,0 ,0 ,0 
2024,조울증,경북,성주군,남,17 ,218 ,11569290 
2024,조울증,경북,성주군,여,32 ,132 ,6382590 
2024,조울증,경북,영덕군,남,0 ,0 ,0 
2024,조울증,경북,영덕군,여,0 ,0 ,0 
2024,조울증,경북,영양군,남,0 ,0 ,0 
2024,조울증,경북,영양군,여,0 ,0 ,0 
2024,조울증,경북,예천군,남,0 ,0 ,0 
2024,조울증,경북,예천군,여,0 ,0 ,0 
2024,조울증,경북,울릉군,남,0 ,0 ,0 
2024,조울증,경북,울릉군,여,0 ,0 ,0 
2024,조울증,경북,울진군,남,13 ,78 ,3918000 
2024,조울증,경북,울진군,여,19 ,68 ,1667870 
2024,조울증,경북,의성군,남,12 ,116 ,7382300 
2024,조울증,경북,의성군,여,0 ,0 ,0 
2024,조울증,경북,청도군,남,126 ,4756 ,407019990 
2024,조울증,경북,청도군,여,51 ,357 ,23471490 
2024,조울증,경북,청송군,남,17 ,1692 ,152353020 
2024,조울증,경북,청송군,여,16 ,647 ,59950060 
2024,조울증,경북,칠곡군,남,62 ,1977 ,177056370 
2024,조울증,경북,칠곡군,여,49 ,1247 ,111538080 
2024,조울증,경북,경주시,남,617 ,4667 ,376508730 
2024,조울증,경북,경주시,여,627 ,5918 ,511696190 
2024,조울증,경북,구미시,남,378 ,3948 ,334932140 
2024,조울증,경북,구미시,여,532 ,6790 ,602094590 
2024,조울증,경북,김천시,남,103 ,2320 ,178599720 
2024,조울증,경북,김천시,여,112 ,1349 ,88438240 
2024,조울증,경북,안동시,남,156 ,1844 ,137827610 
2024,조울증,경북,안동시,여,218 ,1858 ,153154450 
2024,조울증,경북,영주시,남,110 ,1310 ,87611030 
2024,조울증,경북,영주시,여,179 ,3184 ,243368560 
2024,조울증,경북,영천시,남,82 ,3319 ,326167740 
2024,조울증,경북,영천시,여,77 ,2314 ,230748770 
2024,조울증,경북,포항남구,남,85 ,495 ,33506180 
2024,조울증,경북,포항남구,여,141 ,838 ,56396930 
2024,조울증,경북,포항북구,남,348 ,5128 ,416378360 
2024,조울증,경북,포항북구,여,439 ,5964 ,466430060 
2024,조울증,경북,문경시,남,45 ,301 ,15015620 
2024,조울증,경북,문경시,여,56 ,532 ,35958130 
2024,조울증,경북,상주시,남,61 ,2333 ,204129960 
2024,조울증,경북,상주시,여,63 ,2066 ,187726130 
2024,조울증,경북,경산시,남,146 ,2920 ,274784450 
2024,조울증,경북,경산시,여,220 ,1643 ,126171040 
2024,조울증,경남,거창군,남,19 ,176 ,6878580 
2024,조울증,경남,거창군,여,31 ,246 ,8751330 
2024,조울증,경남,고성군,남,55 ,973 ,101078880 
2024,조울증,경남,고성군,여,80 ,490 ,50303620 
2024,조울증,경남,남해군,남,16 ,1300 ,90287710 
2024,조울증,경남,남해군,여,53 ,2691 ,186443360 
2024,조울증,경남,산청군,남,0 ,0 ,0 
2024,조울증,경남,산청군,여,0 ,0 ,0 
2024,조울증,경남,의령군,남,14 ,1532 ,147691550 
2024,조울증,경남,의령군,여,11 ,372 ,36559840 
2024,조울증,경남,창녕군,남,62 ,1672 ,154721060 
2024,조울증,경남,창녕군,여,81 ,1670 ,141129640 
2024,조울증,경남,하동군,남,41 ,1901 ,196467830 
2024,조울증,경남,하동군,여,48 ,540 ,45282470 
2024,조울증,경남,함안군,남,13 ,1143 ,106340080 
2024,조울증,경남,함안군,여,18 ,200 ,17548800 
2024,조울증,경남,함양군,남,11 ,43 ,1606110 
2024,조울증,경남,함양군,여,26 ,71 ,3260470 
2024,조울증,경남,합천군,남,12 ,772 ,59804790 
2024,조울증,경남,합천군,여,20 ,467 ,34159910 
2024,조울증,경남,김해시,남,339 ,7385 ,681083910 
2024,조울증,경남,김해시,여,438 ,8626 ,772034910 
2024,조울증,경남,사천시,남,74 ,1300 ,119028780 
2024,조울증,경남,사천시,여,130 ,2865 ,266566340 
2024,조울증,경남,진주시,남,492 ,4449 ,323353480 
2024,조울증,경남,진주시,여,782 ,8118 ,670980910 
2024,조울증,경남,창원마산회원구,남,264 ,4199 ,380085350 
2024,조울증,경남,창원마산회원구,여,395 ,4545 ,372386990 
2024,조울증,경남,창원마산합포구,남,121 ,2745 ,216329310 
2024,조울증,경남,창원마산합포구,여,154 ,2782 ,208799130 
2024,조울증,경남,창원진해구,남,85 ,1626 ,134286510 
2024,조울증,경남,창원진해구,여,181 ,2152 ,160138160 
2024,조울증,경남,창원의창구,남,84 ,517 ,37105480 
2024,조울증,경남,창원의창구,여,113 ,744 ,51475480 
2024,조울증,경남,창원성산구,남,294 ,2427 ,216947940 
2024,조울증,경남,창원성산구,여,553 ,5027 ,490596760 
2024,조울증,경남,통영시,남,69 ,547 ,30669020 
2024,조울증,경남,통영시,여,123 ,869 ,48228350 
2024,조울증,경남,밀양시,남,118 ,1045 ,88131860 
2024,조울증,경남,밀양시,여,158 ,1389 ,110938210 
2024,조울증,경남,거제시,남,144 ,1910 ,132867350 
2024,조울증,경남,거제시,여,191 ,1975 ,117203150 
2024,조울증,경남,양산시,남,487 ,7813 ,784228320 
2024,조울증,경남,양산시,여,604 ,7971 ,884270820 
2024,조울증,제주,서귀포시,남,81 ,545 ,27094410 
2024,조울증,제주,서귀포시,여,112 ,868 ,40802000 
2024,조울증,제주,제주시,남,635 ,7490 ,687719720 
2024,조울증,제주,제주시,여,962 ,11318 ,997695070 
2024,조울증,세종,세종시,남,311 ,2664 ,223716240 
2024,조울증,세종,세종시,여,451 ,4174 ,324702100 
2024,불안장애,서울,강남구,남,8203 ,43400 ,4322310860 
2024,불안장애,서울,강남구,여,12531 ,64076 ,6429073980 
2024,불안장애,서울,강동구,남,3948 ,21839 ,1324137760 
2024,불안장애,서울,강동구,여,5874 ,33400 ,2017051310 
2024,불안장애,서울,강서구,남,4021 ,22743 ,1625818740 
2024,불안장애,서울,강서구,여,6296 ,34501 ,2472582460 
2024,불안장애,서울,관악구,남,3444 ,21054 ,1309588730 
2024,불안장애,서울,관악구,여,5210 ,30909 ,1995575220 
2024,불안장애,서울,구로구,남,2878 ,15968 ,975166750 
2024,불안장애,서울,구로구,여,4418 ,23832 ,1420435010 
2024,불안장애,서울,도봉구,남,1617 ,8034 ,378096210 
2024,불안장애,서울,도봉구,여,2607 ,12776 ,596307300 
2024,불안장애,서울,동대문구,남,2422 ,13951 ,994349680 
2024,불안장애,서울,동대문구,여,3701 ,19724 ,1400598010 
2024,불안장애,서울,동작구,남,3192 ,17911 ,1411232440 
2024,불안장애,서울,동작구,여,5234 ,29077 ,2362024480 
2024,불안장애,서울,마포구,남,4945 ,29167 ,2193848300 
2024,불안장애,서울,마포구,여,8321 ,47777 ,3699620910 
2024,불안장애,서울,서대문구,남,2017 ,11716 ,619953910 
2024,불안장애,서울,서대문구,여,3512 ,17991 ,986453260 
2024,불안장애,서울,성동구,남,1912 ,9934 ,755041510 
2024,불안장애,서울,성동구,여,3081 ,15790 ,1138365030 
2024,불안장애,서울,성북구,남,2096 ,9416 ,614632390 
2024,불안장애,서울,성북구,여,3627 ,16454 ,1117104220 
2024,불안장애,서울,영등포구,남,3348 ,20337 ,1545550130 
2024,불안장애,서울,영등포구,여,4609 ,25813 ,2125386460 
2024,불안장애,서울,용산구,남,1304 ,5884 ,502157040 
2024,불안장애,서울,용산구,여,1920 ,8297 ,708564040 
2024,불안장애,서울,은평구,남,3140 ,16684 ,959487940 
2024,불안장애,서울,은평구,여,5619 ,30149 ,1783434810 
2024,불안장애,서울,종로구,남,3454 ,20200 ,1694037540 
2024,불안장애,서울,종로구,여,5120 ,31401 ,2518046350 
2024,불안장애,서울,중구,남,2223 ,10443 ,885558250 
2024,불안장애,서울,중구,여,3112 ,15158 ,1405187270 
2024,불안장애,서울,송파구,남,5556 ,32173 ,2521795030 
2024,불안장애,서울,송파구,여,9045 ,50503 ,3887463360 
2024,불안장애,서울,중랑구,남,1914 ,10392 ,655594370 
2024,불안장애,서울,중랑구,여,3057 ,15126 ,961066250 
2024,불안장애,서울,양천구,남,2521 ,13499 ,858306350 
2024,불안장애,서울,양천구,여,4266 ,22451 ,1395950410 
2024,불안장애,서울,서초구,남,4584 ,25215 ,2143994060 
2024,불안장애,서울,서초구,여,7086 ,37156 ,3349601370 
2024,불안장애,서울,노원구,남,2428 ,14063 ,769294400 
2024,불안장애,서울,노원구,여,4114 ,24093 ,1278446720 
2024,불안장애,서울,광진구,남,3088 ,18473 ,1432541410 
2024,불안장애,서울,광진구,여,4959 ,26672 ,2116480320 
2024,불안장애,서울,강북구,남,2137 ,14277 ,615204760 
2024,불안장애,서울,강북구,여,3906 ,26549 ,1081548640 
2024,불안장애,서울,금천구,남,1269 ,7104 ,591002950 
2024,불안장애,서울,금천구,여,1611 ,8059 ,647535740 
2024,불안장애,부산,부산남구,남,1404 ,9973 ,653518130 
2024,불안장애,부산,부산남구,여,2192 ,16044 ,1082014380 
2024,불안장애,부산,부산동구,남,1336 ,9466 ,579895170 
2024,불안장애,부산,부산동구,여,2564 ,18717 ,1115959800 
2024,불안장애,부산,부산동래구,남,1979 ,15050 ,882038570 
2024,불안장애,부산,부산동래구,여,3455 ,27545 ,1578769970 
2024,불안장애,부산,부산진구,남,4202 ,30367 ,1732415080 
2024,불안장애,부산,부산진구,여,6869 ,48268 ,2690670060 
2024,불안장애,부산,부산북구,남,2054 ,13825 ,707589460 
2024,불안장애,부산,부산북구,여,3297 ,22356 ,1135642060 
2024,불안장애,부산,부산서구,남,848 ,9300 ,471031630 
2024,불안장애,부산,부산서구,여,1349 ,16855 ,830618560 
2024,불안장애,부산,부산영도구,남,457 ,1903 ,96903600 
2024,불안장애,부산,부산영도구,여,910 ,3373 ,147373950 
2024,불안장애,부산,부산중구,남,576 ,5620 ,247209430 
2024,불안장애,부산,부산중구,여,826 ,7069 ,330185530 
2024,불안장애,부산,부산해운대구,남,2911 ,17764 ,1247410100 
2024,불안장애,부산,부산해운대구,여,4874 ,30242 ,2017984680 
2024,불안장애,부산,부산사하구,남,2551 ,18838 ,971023230 
2024,불안장애,부산,부산사하구,여,4165 ,31088 ,1599940690 
2024,불안장애,부산,부산금정구,남,1308 ,7297 ,374461370 
2024,불안장애,부산,부산금정구,여,1936 ,11309 ,587150330 
2024,불안장애,부산,부산강서구,남,545 ,2389 ,160468400 
2024,불안장애,부산,부산강서구,여,618 ,2777 ,187256770 
2024,불안장애,부산,부산연제구,남,2489 ,19215 ,1095933050 
2024,불안장애,부산,부산연제구,여,4163 ,30234 ,1715367640 
2024,불안장애,부산,부산수영구,남,2216 ,14865 ,903075020 
2024,불안장애,부산,부산수영구,여,3921 ,27300 ,1696025630 
2024,불안장애,부산,부산사상구,남,1687 ,11438 ,675765250 
2024,불안장애,부산,부산사상구,여,1432 ,8626 ,496753950 
2024,불안장애,부산,부산기장군,남,823 ,5248 ,256279910 
2024,불안장애,부산,부산기장군,여,1199 ,6077 ,309265730 
2024,불안장애,인천,인천미추홀구,남,2246 ,12732 ,698481350 
2024,불안장애,인천,인천미추홀구,여,3548 ,21584 ,1148569810 
2024,불안장애,인천,인천동구,남,226 ,930 ,36646310 
2024,불안장애,인천,인천동구,여,316 ,1692 ,111250370 
2024,불안장애,인천,인천부평구,남,2366 ,11750 ,728779970 
2024,불안장애,인천,인천부평구,여,3661 ,17338 ,1087888810 
2024,불안장애,인천,인천중구,남,1622 ,9393 ,514606580 
2024,불안장애,인천,인천중구,여,2410 ,15539 ,815087100 
2024,불안장애,인천,인천서구,남,3805 ,19539 ,1434250970 
2024,불안장애,인천,인천서구,여,6049 ,32122 ,2363993700 
2024,불안장애,인천,인천남동구,남,3147 ,16851 ,1021909370 
2024,불안장애,인천,인천남동구,여,5409 ,29128 ,1750108770 
2024,불안장애,인천,인천연수구,남,1735 ,9346 ,664120120 
2024,불안장애,인천,인천연수구,여,2688 ,15463 ,1111117020 
2024,불안장애,인천,인천계양구,남,1987 ,11197 ,616480160 
2024,불안장애,인천,인천계양구,여,2927 ,17728 ,961658980 
2024,불안장애,인천,인천강화군,남,273 ,1111 ,68027200 
2024,불안장애,인천,인천강화군,여,426 ,1696 ,106403510 
2024,불안장애,인천,인천옹진군,남,20 ,33 ,695770 
2024,불안장애,인천,인천옹진군,여,11 ,22 ,428050 
2024,불안장애,대구,대구남구,남,1340 ,7609 ,433258590 
2024,불안장애,대구,대구남구,여,2316 ,13426 ,796152500 
2024,불안장애,대구,대구동구,남,3344 ,20747 ,1148724000 
2024,불안장애,대구,대구동구,여,4466 ,26886 ,1348832570 
2024,불안장애,대구,대구북구,남,4142 ,24153 ,1046659710 
2024,불안장애,대구,대구북구,여,6399 ,36808 ,1520310940 
2024,불안장애,대구,대구서구,남,1126 ,7469 ,355787450 
2024,불안장애,대구,대구서구,여,1641 ,9606 ,458059640 
2024,불안장애,대구,대구수성구,남,4186 ,26328 ,1703164680 
2024,불안장애,대구,대구수성구,여,6762 ,43133 ,2597369120 
2024,불안장애,대구,대구중구,남,1891 ,10645 ,797416400 
2024,불안장애,대구,대구중구,여,3014 ,16317 ,981125660 
2024,불안장애,대구,대구달서구,남,4482 ,28062 ,1460948730 
2024,불안장애,대구,대구달서구,여,6796 ,44696 ,2424778680 
2024,불안장애,대구,대구달성군,남,1391 ,7032 ,482906190 
2024,불안장애,대구,대구달성군,여,2221 ,10487 ,742699720 
2024,불안장애,대구,대구군위군,남,33 ,85 ,1369500 
2024,불안장애,대구,대구군위군,여,76 ,203 ,3062240 
2024,불안장애,광주,광주동구,남,1052 ,5658 ,335177330 
2024,불안장애,광주,광주동구,여,1493 ,7409 ,447882050 
2024,불안장애,광주,광주북구,남,2792 ,13924 ,740630560 
2024,불안장애,광주,광주북구,여,4251 ,22515 ,1191194420 
2024,불안장애,광주,광주서구,남,2182 ,13851 ,883590710 
2024,불안장애,광주,광주서구,여,3359 ,21363 ,1361064690 
2024,불안장애,광주,광주광산구,남,2017 ,11224 ,566540380 
2024,불안장애,광주,광주광산구,여,2622 ,12701 ,656910410 
2024,불안장애,광주,광주남구,남,1090 ,5895 ,417683760 
2024,불안장애,광주,광주남구,여,1831 ,7604 ,494380790 
2024,불안장애,대전,대전유성구,남,3609 ,22032 ,1258321040 
2024,불안장애,대전,대전유성구,여,5038 ,31909 ,1865514690 
2024,불안장애,대전,대전대덕구,남,911 ,5202 ,253664790 
2024,불안장애,대전,대전대덕구,여,1325 ,8034 ,371775940 
2024,불안장애,대전,대전서구,남,5686 ,36612 ,2266796100 
2024,불안장애,대전,대전서구,여,9689 ,60306 ,3745414510 
2024,불안장애,대전,대전동구,남,1078 ,5859 ,276150240 
2024,불안장애,대전,대전동구,여,1692 ,9437 ,455274540 
2024,불안장애,대전,대전중구,남,3160 ,19421 ,952538050 
2024,불안장애,대전,대전중구,여,4596 ,31416 ,1516549660 
2024,불안장애,울산,울산남구,남,4810 ,38307 ,1979992010 
2024,불안장애,울산,울산남구,여,7013 ,59816 ,3050346540 
2024,불안장애,울산,울산동구,남,822 ,4544 ,270971150 
2024,불안장애,울산,울산동구,여,1111 ,6039 ,368346980 
2024,불안장애,울산,울산중구,남,1026 ,6734 ,275478970 
2024,불안장애,울산,울산중구,여,1791 ,11651 ,461548240 
2024,불안장애,울산,울산북구,남,588 ,3556 ,169749900 
2024,불안장애,울산,울산북구,여,955 ,5623 ,254513580 
2024,불안장애,울산,울산울주군,남,326 ,2217 ,95843930 
2024,불안장애,울산,울산울주군,여,443 ,2628 ,105546960 
2024,불안장애,경기,가평군,남,295 ,765 ,26843160 
2024,불안장애,경기,가평군,여,374 ,887 ,28189720 
2024,불안장애,경기,양평군,남,576 ,2383 ,88118050 
2024,불안장애,경기,양평군,여,1031 ,3997 ,152515770 
2024,불안장애,경기,연천군,남,162 ,579 ,58428600 
2024,불안장애,경기,연천군,여,193 ,779 ,66876510 
2024,불안장애,경기,광명시,남,1927 ,10400 ,701421430 
2024,불안장애,경기,광명시,여,2835 ,14717 ,1018246530 
2024,불안장애,경기,동두천시,남,749 ,4610 ,296489050 
2024,불안장애,경기,동두천시,여,924 ,6616 ,426731520 
2024,불안장애,경기,부천시,남,0 ,0 ,0 
2024,불안장애,경기,부천시,여,0 ,0 ,0 
2024,불안장애,경기,부천소사구,남,1298 ,7126 ,413089770 
2024,불안장애,경기,부천소사구,여,2035 ,11890 ,652398060 
2024,불안장애,경기,부천오정구,남,453 ,3020 ,123987550 
2024,불안장애,경기,부천오정구,여,989 ,8443 ,415636890 
2024,불안장애,경기,부천원미구,남,3728 ,23515 ,1471752280 
2024,불안장애,경기,부천원미구,여,6059 ,38861 ,2488760500 
2024,불안장애,경기,성남수정구,남,1983 ,10909 ,663081860 
2024,불안장애,경기,성남수정구,여,3088 ,17300 ,1084343910 
2024,불안장애,경기,성남중원구,남,1203 ,6462 ,393362910 
2024,불안장애,경기,성남중원구,여,1811 ,9791 ,610192280 
2024,불안장애,경기,성남분당구,남,6776 ,38427 ,2663879080 
2024,불안장애,경기,성남분당구,여,10044 ,57230 ,3952215450 
2024,불안장애,경기,수원권선구,남,2299 ,11586 ,746940140 
2024,불안장애,경기,수원권선구,여,3185 ,17504 ,1082992370 
2024,불안장애,경기,수원장안구,남,1190 ,8656 ,473437940 
2024,불안장애,경기,수원장안구,여,1770 ,11214 ,572712830 
2024,불안장애,경기,수원팔달구,남,3400 ,20219 ,1419545000 
2024,불안장애,경기,수원팔달구,여,5442 ,33017 ,2181090960 
2024,불안장애,경기,수원영통구,남,4670 ,31293 ,1926858450 
2024,불안장애,경기,수원영통구,여,7759 ,53949 ,3343377260 
2024,불안장애,경기,안양만안구,남,1431 ,9139 ,558328260 
2024,불안장애,경기,안양만안구,여,2140 ,13597 ,836268770 
2024,불안장애,경기,안양동안구,남,3167 ,19119 ,1052707850 
2024,불안장애,경기,안양동안구,여,4915 ,29680 ,1654997750 
2024,불안장애,경기,의정부시,남,3141 ,18639 ,1194544030 
2024,불안장애,경기,의정부시,여,5516 ,32235 ,1874921670 
2024,불안장애,경기,과천시,남,377 ,1934 ,140207320 
2024,불안장애,경기,과천시,여,617 ,2897 ,196439300 
2024,불안장애,경기,구리시,남,1308 ,6902 ,446581670 
2024,불안장애,경기,구리시,여,2253 ,11088 ,703088210 
2024,불안장애,경기,안산단원구,남,2057 ,11237 ,575252120 
2024,불안장애,경기,안산단원구,여,3224 ,19753 ,1035157580 
2024,불안장애,경기,안산상록구,남,1305 ,7077 ,264419990 
2024,불안장애,경기,안산상록구,여,2057 ,10853 ,364365450 
2024,불안장애,경기,평택시,남,4768 ,24369 ,1501718960 
2024,불안장애,경기,평택시,여,6585 ,33461 ,2077972860 
2024,불안장애,경기,하남시,남,1685 ,10125 ,783209970 
2024,불안장애,경기,하남시,여,2922 ,17702 ,1329155130 
2024,불안장애,경기,군포시,남,1191 ,8524 ,430902320 
2024,불안장애,경기,군포시,여,1884 ,11652 ,565385400 
2024,불안장애,경기,남양주시,남,3435 ,17528 ,1015233640 
2024,불안장애,경기,남양주시,여,5889 ,30152 ,1762024610 
2024,불안장애,경기,의왕시,남,327 ,1211 ,76033770 
2024,불안장애,경기,의왕시,여,602 ,2382 ,148116320 
2024,불안장애,경기,시흥시,남,2419 ,16106 ,843579220 
2024,불안장애,경기,시흥시,여,3438 ,22642 ,1215542300 
2024,불안장애,경기,오산시,남,932 ,4433 ,307637490 
2024,불안장애,경기,오산시,여,1123 ,5211 ,354138980 
2024,불안장애,경기,고양덕양구,남,2115 ,11004 ,863866620 
2024,불안장애,경기,고양덕양구,여,3462 ,16901 ,1291293810 
2024,불안장애,경기,고양일산서구,남,2547 ,17709 ,1109410770 
2024,불안장애,경기,고양일산서구,여,4229 ,28170 ,1821412970 
2024,불안장애,경기,고양일산동구,남,1935 ,10428 ,663441990 
2024,불안장애,경기,고양일산동구,여,3567 ,18845 ,1196581270 
2024,불안장애,경기,용인기흥구,남,2342 ,10729 ,628099500 
2024,불안장애,경기,용인기흥구,여,3758 ,17008 ,1020263480 
2024,불안장애,경기,용인수지구,남,1976 ,9298 ,504317520 
2024,불안장애,경기,용인수지구,여,3622 ,17639 ,931153130 
2024,불안장애,경기,용인처인구,남,1058 ,4325 ,210721790 
2024,불안장애,경기,용인처인구,여,1600 ,6589 ,328661730 
2024,불안장애,경기,이천시,남,1234 ,5761 ,269324170 
2024,불안장애,경기,이천시,여,1736 ,8018 ,395244520 
2024,불안장애,경기,파주시,남,2121 ,11634 ,895039140 
2024,불안장애,경기,파주시,여,3136 ,16465 ,1181979070 
2024,불안장애,경기,김포시,남,4104 ,23193 ,1182725530 
2024,불안장애,경기,김포시,여,6448 ,38568 ,1860969360 
2024,불안장애,경기,안성시,남,654 ,3657 ,128319480 
2024,불안장애,경기,안성시,여,992 ,4634 ,143547540 
2024,불안장애,경기,화성시,남,4622 ,26388 ,1839767160 
2024,불안장애,경기,화성시,여,6530 ,37701 ,2643865030 
2024,불안장애,경기,광주시,남,1548 ,7674 ,540261190 
2024,불안장애,경기,광주시,여,2421 ,11693 ,862874760 
2024,불안장애,경기,양주시,남,1265 ,5712 ,285568490 
2024,불안장애,경기,양주시,여,1957 ,8923 ,439827980 
2024,불안장애,경기,포천시,남,841 ,3506 ,162940230 
2024,불안장애,경기,포천시,여,1335 ,6391 ,277312240 
2024,불안장애,경기,여주시,남,569 ,3698 ,146102400 
2024,불안장애,경기,여주시,여,732 ,3574 ,134339470 
2024,불안장애,강원,고성군,남,186 ,1041 ,25132930 
2024,불안장애,강원,고성군,여,448 ,2150 ,61610140 
2024,불안장애,강원,양구군,남,69 ,192 ,3340530 
2024,불안장애,강원,양구군,여,114 ,320 ,5923610 
2024,불안장애,강원,양양군,남,57 ,204 ,3181090 
2024,불안장애,강원,양양군,여,125 ,337 ,5490970 
2024,불안장애,강원,영월군,남,92 ,252 ,7097790 
2024,불안장애,강원,영월군,여,170 ,404 ,6976530 
2024,불안장애,강원,인제군,남,94 ,214 ,4029130 
2024,불안장애,강원,인제군,여,175 ,381 ,6735320 
2024,불안장애,강원,정선군,남,78 ,162 ,4034820 
2024,불안장애,강원,정선군,여,158 ,373 ,7591760 
2024,불안장애,강원,철원군,남,46 ,117 ,1956450 
2024,불안장애,강원,철원군,여,97 ,203 ,3329370 
2024,불안장애,강원,평창군,남,95 ,285 ,6160110 
2024,불안장애,강원,평창군,여,183 ,473 ,10065000 
2024,불안장애,강원,홍천군,남,683 ,6042 ,201162850 
2024,불안장애,강원,홍천군,여,979 ,9869 ,322249540 
2024,불안장애,강원,화천군,남,52 ,133 ,1981750 
2024,불안장애,강원,화천군,여,78 ,138 ,2195900 
2024,불안장애,강원,횡성군,남,107 ,242 ,6308050 
2024,불안장애,강원,횡성군,여,217 ,499 ,16918170 
2024,불안장애,강원,강릉시,남,2400 ,13120 ,832187370 
2024,불안장애,강원,강릉시,여,3152 ,15792 ,919147330 
2024,불안장애,강원,동해시,남,782 ,3892 ,204037520 
2024,불안장애,강원,동해시,여,1006 ,4676 ,229436590 
2024,불안장애,강원,속초시,남,537 ,3407 ,165364200 
2024,불안장애,강원,속초시,여,803 ,4493 ,203631150 
2024,불안장애,강원,원주시,남,3096 ,20575 ,927932050 
2024,불안장애,강원,원주시,여,4692 ,28797 ,1174665440 
2024,불안장애,강원,춘천시,남,2484 ,11206 ,690760910 
2024,불안장애,강원,춘천시,여,3348 ,15216 ,854648410 
2024,불안장애,강원,태백시,남,345 ,2873 ,121478030 
2024,불안장애,강원,태백시,여,505 ,4107 ,172172230 
2024,불안장애,강원,삼척시,남,410 ,2463 ,134246860 
2024,불안장애,강원,삼척시,여,782 ,5232 ,324502340 
2024,불안장애,충북,괴산군,남,147 ,310 ,11514210 
2024,불안장애,충북,괴산군,여,206 ,646 ,34225340 
2024,불안장애,충북,단양군,남,30 ,94 ,2809690 
2024,불안장애,충북,단양군,여,65 ,185 ,6347390 
2024,불안장애,충북,보은군,남,145 ,436 ,14913980 
2024,불안장애,충북,보은군,여,175 ,697 ,30719260 
2024,불안장애,충북,영동군,남,464 ,2946 ,122716090 
2024,불안장애,충북,영동군,여,696 ,4469 ,205236750 
2024,불안장애,충북,옥천군,남,330 ,2072 ,90027350 
2024,불안장애,충북,옥천군,여,437 ,2448 ,100784780 
2024,불안장애,충북,음성군,남,417 ,1177 ,35452340 
2024,불안장애,충북,음성군,여,550 ,1443 ,32472000 
2024,불안장애,충북,진천군,남,647 ,3606 ,200164870 
2024,불안장애,충북,진천군,여,688 ,3566 ,188733070 
2024,불안장애,충북,증평군,남,72 ,295 ,4668130 
2024,불안장애,충북,증평군,여,100 ,282 ,4307510 
2024,불안장애,충북,청주상당구,남,1930 ,11030 ,681129550 
2024,불안장애,충북,청주상당구,여,3344 ,19530 ,1218241770 
2024,불안장애,충북,청주흥덕구,남,2236 ,11329 ,591634900 
2024,불안장애,충북,청주흥덕구,여,3088 ,16173 ,857569700 
2024,불안장애,충북,청주청원구,남,1365 ,6584 ,421612990 
2024,불안장애,충북,청주청원구,여,2035 ,9481 ,615931560 
2024,불안장애,충북,청주서원구,남,1046 ,5989 ,268753680 
2024,불안장애,충북,청주서원구,여,1788 ,9848 ,433960190 
2024,불안장애,충북,충주시,남,1216 ,6558 ,350829630 
2024,불안장애,충북,충주시,여,1716 ,8522 ,437178850 
2024,불안장애,충북,제천시,남,612 ,3865 ,198390420 
2024,불안장애,충북,제천시,여,860 ,4657 ,193305290 
2024,불안장애,충남,금산군,남,331 ,2084 ,87183370 
2024,불안장애,충남,금산군,여,485 ,3185 ,129509380 
2024,불안장애,충남,부여군,남,374 ,1690 ,68558100 
2024,불안장애,충남,부여군,여,511 ,2222 ,96854560 
2024,불안장애,충남,서천군,남,145 ,528 ,22572700 
2024,불안장애,충남,서천군,여,265 ,910 ,41339980 
2024,불안장애,충남,예산군,남,327 ,1348 ,65611740 
2024,불안장애,충남,예산군,여,480 ,1437 ,65313970 
2024,불안장애,충남,청양군,남,100 ,269 ,6078350 
2024,불안장애,충남,청양군,여,204 ,495 ,11663000 
2024,불안장애,충남,홍성군,남,404 ,2314 ,138696290 
2024,불안장애,충남,홍성군,여,551 ,2970 ,144860620 
2024,불안장애,충남,태안군,남,344 ,1407 ,36139850 
2024,불안장애,충남,태안군,여,590 ,2137 ,56729280 
2024,불안장애,충남,천안서북구,남,2953 ,17320 ,1286967050 
2024,불안장애,충남,천안서북구,여,4091 ,23887 ,1775433460 
2024,불안장애,충남,천안동남구,남,1908 ,10159 ,555195390 
2024,불안장애,충남,천안동남구,여,2964 ,16310 ,943162860 
2024,불안장애,충남,공주시,남,729 ,4275 ,233775520 
2024,불안장애,충남,공주시,여,1078 ,4882 ,260958100 
2024,불안장애,충남,보령시,남,781 ,3680 ,109188340 
2024,불안장애,충남,보령시,여,1108 ,5009 ,156479700 
2024,불안장애,충남,아산시,남,1720 ,9050 ,461467990 
2024,불안장애,충남,아산시,여,2525 ,13270 ,672235450 
2024,불안장애,충남,서산시,남,970 ,5428 ,172350740 
2024,불안장애,충남,서산시,여,1360 ,7298 ,235581090 
2024,불안장애,충남,논산시,남,547 ,2763 ,168739760 
2024,불안장애,충남,논산시,여,734 ,3644 ,207869040 
2024,불안장애,충남,계룡시,남,48 ,134 ,1987710 
2024,불안장애,충남,계룡시,여,103 ,236 ,3400080 
2024,불안장애,충남,당진시,남,1279 ,6305 ,310126810 
2024,불안장애,충남,당진시,여,1607 ,8358 ,422759560 
2024,불안장애,전북,고창군,남,168 ,717 ,24653020 
2024,불안장애,전북,고창군,여,246 ,774 ,18617250 
2024,불안장애,전북,무주군,남,196 ,307 ,6277130 
2024,불안장애,전북,무주군,여,285 ,537 ,11189050 
2024,불안장애,전북,부안군,남,274 ,1224 ,42043160 
2024,불안장애,전북,부안군,여,491 ,2337 ,78765320 
2024,불안장애,전북,순창군,남,239 ,1666 ,58306960 
2024,불안장애,전북,순창군,여,422 ,3164 ,103686960 
2024,불안장애,전북,완주군,남,361 ,1781 ,150845810 
2024,불안장애,전북,완주군,여,499 ,2450 ,198372210 
2024,불안장애,전북,임실군,남,73 ,145 ,2312200 
2024,불안장애,전북,임실군,여,119 ,262 ,4001560 
2024,불안장애,전북,장수군,남,74 ,210 ,3430160 
2024,불안장애,전북,장수군,여,189 ,493 ,8882060 
2024,불안장애,전북,진안군,남,56 ,113 ,2369090 
2024,불안장애,전북,진안군,여,111 ,275 ,5127050 
2024,불안장애,전북,군산시,남,2068 ,12535 ,641657990 
2024,불안장애,전북,군산시,여,3166 ,18979 ,1002846410 
2024,불안장애,전북,남원시,남,418 ,1799 ,54595860 
2024,불안장애,전북,남원시,여,669 ,2435 ,73615750 
2024,불안장애,전북,익산시,남,2601 ,12541 ,686848820 
2024,불안장애,전북,익산시,여,3820 ,18323 ,981477700 
2024,불안장애,전북,전주완산구,남,2763 ,15647 ,993689380 
2024,불안장애,전북,전주완산구,여,4613 ,27137 ,1820431050 
2024,불안장애,전북,전주덕진구,남,2524 ,14580 ,876748540 
2024,불안장애,전북,전주덕진구,여,3397 ,19400 ,1156333120 
2024,불안장애,전북,정읍시,남,890 ,4438 ,137384770 
2024,불안장애,전북,정읍시,여,1401 ,6666 ,215067140 
2024,불안장애,전북,김제시,남,941 ,6519 ,337306080 
2024,불안장애,전북,김제시,여,1631 ,12159 ,657263150 
2024,불안장애,전남,강진군,남,450 ,2068 ,166757970 
2024,불안장애,전남,강진군,여,726 ,3286 ,256504720 
2024,불안장애,전남,고흥군,남,314 ,1342 ,44138570 
2024,불안장애,전남,고흥군,여,668 ,2318 ,73286840 
2024,불안장애,전남,곡성군,남,76 ,239 ,7206860 
2024,불안장애,전남,곡성군,여,107 ,354 ,11849410 
2024,불안장애,전남,구례군,남,94 ,490 ,17274580 
2024,불안장애,전남,구례군,여,180 ,628 ,24247900 
2024,불안장애,전남,담양군,남,208 ,877 ,58037860 
2024,불안장애,전남,담양군,여,412 ,1599 ,88136500 
2024,불안장애,전남,무안군,남,223 ,829 ,35982810 
2024,불안장애,전남,무안군,여,319 ,982 ,42313290 
2024,불안장애,전남,보성군,남,199 ,949 ,48607920 
2024,불안장애,전남,보성군,여,292 ,1302 ,79089190 
2024,불안장애,전남,신안군,남,76 ,220 ,3855790 
2024,불안장애,전남,신안군,여,111 ,274 ,7544330 
2024,불안장애,전남,영광군,남,281 ,1493 ,82030280 
2024,불안장애,전남,영광군,여,440 ,1935 ,111616440 
2024,불안장애,전남,영암군,남,130 ,472 ,22527530 
2024,불안장애,전남,영암군,여,215 ,973 ,51649690 
2024,불안장애,전남,완도군,남,121 ,302 ,6348120 
2024,불안장애,전남,완도군,여,199 ,505 ,9667600 
2024,불안장애,전남,장성군,남,130 ,436 ,23214050 
2024,불안장애,전남,장성군,여,158 ,477 ,20510730 
2024,불안장애,전남,장흥군,남,357 ,1913 ,116777380 
2024,불안장애,전남,장흥군,여,521 ,2714 ,162882530 
2024,불안장애,전남,진도군,남,200 ,780 ,86722050 
2024,불안장애,전남,진도군,여,323 ,1284 ,135731730 
2024,불안장애,전남,함평군,남,98 ,395 ,29218950 
2024,불안장애,전남,함평군,여,138 ,548 ,39525650 
2024,불안장애,전남,해남군,남,361 ,1406 ,68568860 
2024,불안장애,전남,해남군,여,446 ,1382 ,57243450 
2024,불안장애,전남,화순군,남,190 ,711 ,34208870 
2024,불안장애,전남,화순군,여,245 ,864 ,41829520 
2024,불안장애,전남,나주시,남,761 ,3365 ,307328160 
2024,불안장애,전남,나주시,여,1287 ,5927 ,518010040 
2024,불안장애,전남,목포시,남,2033 ,10749 ,517169840 
2024,불안장애,전남,목포시,여,3087 ,16978 ,805696460 
2024,불안장애,전남,순천시,남,2283 ,12896 ,770378350 
2024,불안장애,전남,순천시,여,3776 ,21879 ,1313694630 
2024,불안장애,전남,여수시,남,1428 ,6948 ,366990860 
2024,불안장애,전남,여수시,여,2342 ,11339 ,605458100 
2024,불안장애,전남,광양시,남,566 ,2513 ,106538270 
2024,불안장애,전남,광양시,여,714 ,3353 ,145764310 
2024,불안장애,경북,고령군,남,70 ,232 ,4361830 
2024,불안장애,경북,고령군,여,84 ,263 ,4607760 
2024,불안장애,경북,군위군,남,0 ,0 ,0 
2024,불안장애,경북,군위군,여,0 ,0 ,0 
2024,불안장애,경북,봉화군,남,51 ,158 ,2411730 
2024,불안장애,경북,봉화군,여,101 ,258 ,4531330 
2024,불안장애,경북,성주군,남,83 ,651 ,28335750 
2024,불안장애,경북,성주군,여,182 ,582 ,10604850 
2024,불안장애,경북,영덕군,남,120 ,317 ,6334690 
2024,불안장애,경북,영덕군,여,264 ,755 ,15622450 
2024,불안장애,경북,영양군,남,13 ,45 ,884710 
2024,불안장애,경북,영양군,여,25 ,83 ,1851730 
2024,불안장애,경북,예천군,남,108 ,414 ,8348560 
2024,불안장애,경북,예천군,여,201 ,507 ,10722310 
2024,불안장애,경북,울릉군,남,10 ,23 ,805690 
2024,불안장애,경북,울릉군,여,16 ,51 ,1968950 
2024,불안장애,경북,울진군,남,175 ,596 ,11042720 
2024,불안장애,경북,울진군,여,233 ,696 ,13522930 
2024,불안장애,경북,의성군,남,180 ,773 ,14900910 
2024,불안장애,경북,의성군,여,294 ,971 ,17600610 
2024,불안장애,경북,청도군,남,190 ,693 ,15764010 
2024,불안장애,경북,청도군,여,393 ,1431 ,33591900 
2024,불안장애,경북,청송군,남,111 ,426 ,15489700 
2024,불안장애,경북,청송군,여,171 ,535 ,20174430 
2024,불안장애,경북,칠곡군,남,445 ,2397 ,137945060 
2024,불안장애,경북,칠곡군,여,662 ,3793 ,202164440 
2024,불안장애,경북,경주시,남,1412 ,7943 ,440609390 
2024,불안장애,경북,경주시,여,2226 ,12910 ,744686390 
2024,불안장애,경북,구미시,남,2069 ,9941 ,510470030 
2024,불안장애,경북,구미시,여,2701 ,12552 ,634489120 
2024,불안장애,경북,김천시,남,608 ,3241 ,133946070 
2024,불안장애,경북,김천시,여,881 ,3944 ,149434170 
2024,불안장애,경북,안동시,남,1411 ,7274 ,391735300 
2024,불안장애,경북,안동시,여,2115 ,10579 ,584217780 
2024,불안장애,경북,영주시,남,1107 ,6523 ,295398970 
2024,불안장애,경북,영주시,여,1829 ,10894 ,478713530 
2024,불안장애,경북,영천시,남,558 ,4128 ,168137140 
2024,불안장애,경북,영천시,여,865 ,5881 ,248920360 
2024,불안장애,경북,포항남구,남,1005 ,5168 ,324776990 
2024,불안장애,경북,포항남구,여,1631 ,8456 ,526984600 
2024,불안장애,경북,포항북구,남,2553 ,16577 ,903899920 
2024,불안장애,경북,포항북구,여,3902 ,27479 ,1372612770 
2024,불안장애,경북,문경시,남,391 ,1450 ,52544960 
2024,불안장애,경북,문경시,여,608 ,2141 ,70891540 
2024,불안장애,경북,상주시,남,564 ,3124 ,154206750 
2024,불안장애,경북,상주시,여,895 ,3704 ,158725860 
2024,불안장애,경북,경산시,남,1666 ,6805 ,372131150 
2024,불안장애,경북,경산시,여,2339 ,8800 ,466310950 
2024,불안장애,경남,거창군,남,312 ,1314 ,40411060 
2024,불안장애,경남,거창군,여,543 ,1769 ,53816350 
2024,불안장애,경남,고성군,남,154 ,485 ,20929260 
2024,불안장애,경남,고성군,여,307 ,750 ,29084500 
2024,불안장애,경남,남해군,남,73 ,191 ,4797870 
2024,불안장애,경남,남해군,여,157 ,401 ,12957870 
2024,불안장애,경남,산청군,남,61 ,165 ,3105820 
2024,불안장애,경남,산청군,여,162 ,306 ,6367610 
2024,불안장애,경남,의령군,남,84 ,252 ,7095520 
2024,불안장애,경남,의령군,여,169 ,622 ,39508560 
2024,불안장애,경남,창녕군,남,249 ,977 ,43397530 
2024,불안장애,경남,창녕군,여,429 ,1240 ,53238730 
2024,불안장애,경남,하동군,남,137 ,478 ,14397820 
2024,불안장애,경남,하동군,여,276 ,732 ,20653500 
2024,불안장애,경남,함안군,남,137 ,450 ,15416430 
2024,불안장애,경남,함안군,여,193 ,653 ,23050450 
2024,불안장애,경남,함양군,남,301 ,1059 ,51416990 
2024,불안장애,경남,함양군,여,555 ,1894 ,97142230 
2024,불안장애,경남,합천군,남,185 ,643 ,17037430 
2024,불안장애,경남,합천군,여,360 ,1223 ,35640620 
2024,불안장애,경남,김해시,남,3037 ,18396 ,934757210 
2024,불안장애,경남,김해시,여,4652 ,28076 ,1428861430 
2024,불안장애,경남,사천시,남,511 ,2848 ,154959890 
2024,불안장애,경남,사천시,여,828 ,3410 ,151474120 
2024,불안장애,경남,진주시,남,2781 ,15594 ,852466010 
2024,불안장애,경남,진주시,여,4128 ,23161 ,1169892880 
2024,불안장애,경남,창원마산회원구,남,2875 ,18451 ,1096837720 
2024,불안장애,경남,창원마산회원구,여,5267 ,34989 ,2102274490 
2024,불안장애,경남,창원마산합포구,남,1074 ,6867 ,333974360 
2024,불안장애,경남,창원마산합포구,여,1581 ,8993 ,431459680 
2024,불안장애,경남,창원진해구,남,794 ,3763 ,216003780 
2024,불안장애,경남,창원진해구,여,1213 ,6027 ,317669100 
2024,불안장애,경남,창원의창구,남,1322 ,6002 ,283528460 
2024,불안장애,경남,창원의창구,여,1722 ,7411 ,348961710 
2024,불안장애,경남,창원성산구,남,1873 ,11783 ,653231000 
2024,불안장애,경남,창원성산구,여,2703 ,16804 ,928095760 
2024,불안장애,경남,통영시,남,907 ,4370 ,169629440 
2024,불안장애,경남,통영시,여,1338 ,6039 ,230801180 
2024,불안장애,경남,밀양시,남,616 ,2734 ,141032100 
2024,불안장애,경남,밀양시,여,970 ,3651 ,167434200 
2024,불안장애,경남,거제시,남,1559 ,8572 ,354369590 
2024,불안장애,경남,거제시,여,2037 ,11056 ,457378670 
2024,불안장애,경남,양산시,남,1824 ,10873 ,597086850 
2024,불안장애,경남,양산시,여,2418 ,13917 ,704233730 
2024,불안장애,제주,서귀포시,남,845 ,4619 ,194307580 
2024,불안장애,제주,서귀포시,여,1472 ,7395 ,318501640 
2024,불안장애,제주,제주시,남,3537 ,19493 ,1052981640 
2024,불안장애,제주,제주시,여,5640 ,30308 ,1702017650 
2024,불안장애,세종,세종시,남,2385 ,12152 ,828050770 
2024,불안장애,세종,세종시,여,3537 ,18359 ,1260132190 
2024,조현병,서울,강남구,남,968 ,9216 ,1161488600 
2024,조현병,서울,강남구,여,1268 ,9953 ,1439836040 
2024,조현병,서울,강동구,남,590 ,7371 ,887265800 
2024,조현병,서울,강동구,여,673 ,9224 ,1055994630 
2024,조현병,서울,강서구,남,357 ,8724 ,846637620 
2024,조현병,서울,강서구,여,542 ,13592 ,1274929060 
2024,조현병,서울,관악구,남,303 ,3602 ,235118200 
2024,조현병,서울,관악구,여,379 ,4288 ,300834910 
2024,조현병,서울,구로구,남,502 ,9022 ,1070340160 
2024,조현병,서울,구로구,여,733 ,15128 ,1844136020 
2024,조현병,서울,도봉구,남,275 ,12277 ,1185036330 
2024,조현병,서울,도봉구,여,399 ,15622 ,1445775840 
2024,조현병,서울,동대문구,남,889 ,32991 ,3628284440 
2024,조현병,서울,동대문구,여,1095 ,34419 ,3875112360 
2024,조현병,서울,동작구,남,542 ,4617 ,664489840 
2024,조현병,서울,동작구,여,662 ,6137 ,905148650 
2024,조현병,서울,마포구,남,290 ,4476 ,311908970 
2024,조현병,서울,마포구,여,306 ,5341 ,350616890 
2024,조현병,서울,서대문구,남,714 ,12734 ,1115906790 
2024,조현병,서울,서대문구,여,1004 ,12581 ,1112111310 
2024,조현병,서울,성동구,남,448 ,3479 ,465737290 
2024,조현병,서울,성동구,여,590 ,4917 ,675764150 
2024,조현병,서울,성북구,남,310 ,2646 ,383328850 
2024,조현병,서울,성북구,여,357 ,3011 ,452268770 
2024,조현병,서울,영등포구,남,700 ,19488 ,2075487390 
2024,조현병,서울,영등포구,여,846 ,17174 ,1883576820 
2024,조현병,서울,용산구,남,132 ,1133 ,146835120 
2024,조현병,서울,용산구,여,215 ,1243 ,158803010 
2024,조현병,서울,은평구,남,517 ,6010 ,598011210 
2024,조현병,서울,은평구,여,727 ,8204 ,836560730 
2024,조현병,서울,종로구,남,1673 ,13875 ,2222945630 
2024,조현병,서울,종로구,여,1884 ,15824 ,2651887190 
2024,조현병,서울,중구,남,151 ,1309 ,132141630 
2024,조현병,서울,중구,여,181 ,1443 ,152749950 
2024,조현병,서울,송파구,남,827 ,19214 ,2187369110 
2024,조현병,서울,송파구,여,1093 ,22849 ,2802371000 
2024,조현병,서울,중랑구,남,565 ,21462 ,2055449120 
2024,조현병,서울,중랑구,여,675 ,16376 ,1702236390 
2024,조현병,서울,양천구,남,254 ,2331 ,284933030 
2024,조현병,서울,양천구,여,396 ,3522 ,402054220 
2024,조현병,서울,서초구,남,789 ,7794 ,1112938960 
2024,조현병,서울,서초구,여,1105 ,10579 ,1428816890 
2024,조현병,서울,노원구,남,516 ,5274 ,838424490 
2024,조현병,서울,노원구,여,700 ,7167 ,1207723570 
2024,조현병,서울,광진구,남,1102 ,23480 ,2513209390 
2024,조현병,서울,광진구,여,1355 ,28316 ,3115526300 
2024,조현병,서울,강북구,남,156 ,2072 ,108459330 
2024,조현병,서울,강북구,여,217 ,2810 ,157901870 
2024,조현병,서울,금천구,남,191 ,7011 ,761585870 
2024,조현병,서울,금천구,여,273 ,9091 ,942359660 
2024,조현병,부산,부산남구,남,251 ,17858 ,1748302560 
2024,조현병,부산,부산남구,여,286 ,19872 ,1963007630 
2024,조현병,부산,부산동구,남,381 ,7801 ,958546540 
2024,조현병,부산,부산동구,여,460 ,9315 ,1344788010 
2024,조현병,부산,부산동래구,남,247 ,7706 ,711062710 
2024,조현병,부산,부산동래구,여,291 ,6680 ,556871690 
2024,조현병,부산,부산진구,남,532 ,6678 ,579551260 
2024,조현병,부산,부산진구,여,765 ,9897 ,973026410 
2024,조현병,부산,부산북구,남,176 ,4906 ,409713480 
2024,조현병,부산,부산북구,여,229 ,7282 ,610475000 
2024,조현병,부산,부산서구,남,402 ,4635 ,532628900 
2024,조현병,부산,부산서구,여,510 ,7767 ,1088995120 
2024,조현병,부산,부산영도구,남,26 ,272 ,18640010 
2024,조현병,부산,부산영도구,여,50 ,1001 ,79418570 
2024,조현병,부산,부산중구,남,82 ,864 ,90128890 
2024,조현병,부산,부산중구,여,98 ,999 ,137164050 
2024,조현병,부산,부산해운대구,남,459 ,16927 ,1630760270 
2024,조현병,부산,부산해운대구,여,597 ,19462 ,1864403900 
2024,조현병,부산,부산사하구,남,214 ,10228 ,844846770 
2024,조현병,부산,부산사하구,여,309 ,11930 ,975116050 
2024,조현병,부산,부산금정구,남,311 ,23518 ,2455438640 
2024,조현병,부산,부산금정구,여,377 ,20134 ,2017100850 
2024,조현병,부산,부산강서구,남,0 ,0 ,0 
2024,조현병,부산,부산강서구,여,0 ,0 ,0 
2024,조현병,부산,부산연제구,남,474 ,17013 ,1527655500 
2024,조현병,부산,부산연제구,여,698 ,21083 ,1988395140 
2024,조현병,부산,부산수영구,남,205 ,2674 ,316851980 
2024,조현병,부산,부산수영구,여,337 ,3995 ,486382280 
2024,조현병,부산,부산사상구,남,465 ,29686 ,2834443160 
2024,조현병,부산,부산사상구,여,466 ,30669 ,2919190050 
2024,조현병,부산,부산기장군,남,47 ,674 ,39691340 
2024,조현병,부산,부산기장군,여,70 ,844 ,50257030 
2024,조현병,인천,인천미추홀구,남,471 ,18408 ,1798095570 
2024,조현병,인천,인천미추홀구,여,705 ,23567 ,2263336470 
2024,조현병,인천,인천동구,남,72 ,748 ,75075630 
2024,조현병,인천,인천동구,여,111 ,1500 ,240077580 
2024,조현병,인천,인천부평구,남,572 ,17239 ,1910359730 
2024,조현병,인천,인천부평구,여,1065 ,27695 ,3028682320 
2024,조현병,인천,인천중구,남,363 ,3140 ,503110600 
2024,조현병,인천,인천중구,여,482 ,3933 ,596855780 
2024,조현병,인천,인천서구,남,474 ,25940 ,2661131560 
2024,조현병,인천,인천서구,여,727 ,28592 ,2860717240 
2024,조현병,인천,인천남동구,남,618 ,29875 ,3059555380 
2024,조현병,인천,인천남동구,여,994 ,36006 ,3748081900 
2024,조현병,인천,인천연수구,남,57 ,686 ,67567890 
2024,조현병,인천,인천연수구,여,83 ,944 ,87472600 
2024,조현병,인천,인천계양구,남,573 ,30244 ,3214866430 
2024,조현병,인천,인천계양구,여,681 ,30448 ,3143625490 
2024,조현병,인천,인천강화군,남,37 ,3717 ,424210850 
2024,조현병,인천,인천강화군,여,47 ,1875 ,173498450 
2024,조현병,인천,인천옹진군,남,0 ,0 ,0 
2024,조현병,인천,인천옹진군,여,0 ,0 ,0 
2024,조현병,대구,대구남구,남,438 ,3930 ,627922780 
2024,조현병,대구,대구남구,여,503 ,5376 ,768312180 
2024,조현병,대구,대구동구,남,692 ,24044 ,2262223940 
2024,조현병,대구,대구동구,여,654 ,23102 ,2411732040 
2024,조현병,대구,대구북구,남,322 ,15664 ,1393713480 
2024,조현병,대구,대구북구,여,380 ,13334 ,1154107350 
2024,조현병,대구,대구서구,남,195 ,8580 ,978567350 
2024,조현병,대구,대구서구,여,293 ,10570 ,1110579640 
2024,조현병,대구,대구수성구,남,378 ,14546 ,1355164910 
2024,조현병,대구,대구수성구,여,467 ,16086 ,1434302920 
2024,조현병,대구,대구중구,남,511 ,4238 ,486834560 
2024,조현병,대구,대구중구,여,558 ,5122 ,615716440 
2024,조현병,대구,대구달서구,남,914 ,39381 ,3941315810 
2024,조현병,대구,대구달서구,여,1138 ,44847 ,4467439540 
2024,조현병,대구,대구달성군,남,162 ,11528 ,1121023210 
2024,조현병,대구,대구달성군,여,199 ,10398 ,989110700 
2024,조현병,대구,대구군위군,남,0 ,0 ,0 
2024,조현병,대구,대구군위군,여,0 ,0 ,0 
2024,조현병,광주,광주동구,남,686 ,18504 ,2567903530 
2024,조현병,광주,광주동구,여,853 ,16698 ,2472598670 
2024,조현병,광주,광주북구,남,516 ,11875 ,1391182830 
2024,조현병,광주,광주북구,여,735 ,15204 ,1867119770 
2024,조현병,광주,광주서구,남,188 ,6039 ,370180350 
2024,조현병,광주,광주서구,여,240 ,6529 ,440442230 
2024,조현병,광주,광주광산구,남,260 ,10824 ,1159170810 
2024,조현병,광주,광주광산구,여,276 ,7446 ,780750090 
2024,조현병,광주,광주남구,남,119 ,4620 ,396357240 
2024,조현병,광주,광주남구,여,166 ,4175 ,352921890 
2024,조현병,대전,대전유성구,남,165 ,6116 ,478073940 
2024,조현병,대전,대전유성구,여,182 ,6821 ,569605080 
2024,조현병,대전,대전대덕구,남,104 ,2336 ,299602880 
2024,조현병,대전,대전대덕구,여,146 ,4372 ,416325710 
2024,조현병,대전,대전서구,남,617 ,12518 ,1376493000 
2024,조현병,대전,대전서구,여,869 ,16482 ,1821702110 
2024,조현병,대전,대전동구,남,142 ,2499 ,196885040 
2024,조현병,대전,대전동구,여,195 ,5289 ,448964910 
2024,조현병,대전,대전중구,남,878 ,26416 ,2477618060 
2024,조현병,대전,대전중구,여,997 ,23245 ,2279633060 
2024,조현병,울산,울산남구,남,470 ,11751 ,1034499630 
2024,조현병,울산,울산남구,여,590 ,20219 ,2002870010 
2024,조현병,울산,울산동구,남,244 ,1876 ,492822040 
2024,조현병,울산,울산동구,여,325 ,2780 ,747312080 
2024,조현병,울산,울산중구,남,103 ,1009 ,62087750 
2024,조현병,울산,울산중구,여,136 ,1481 ,83939300 
2024,조현병,울산,울산북구,남,21 ,217 ,13098660 
2024,조현병,울산,울산북구,여,39 ,527 ,33929180 
2024,조현병,울산,울산울주군,남,170 ,19171 ,1831337240 
2024,조현병,울산,울산울주군,여,159 ,15390 ,1398144000 
2024,조현병,경기,가평군,남,71 ,3310 ,292666640 
2024,조현병,경기,가평군,여,45 ,851 ,85351520 
2024,조현병,경기,양평군,남,44 ,274 ,22799020 
2024,조현병,경기,양평군,여,49 ,298 ,20011390 
2024,조현병,경기,연천군,남,13 ,141 ,22645940 
2024,조현병,경기,연천군,여,16 ,116 ,15686870 
2024,조현병,경기,광명시,남,228 ,3731 ,383249990 
2024,조현병,경기,광명시,여,353 ,4524 ,484503520 
2024,조현병,경기,동두천시,남,96 ,6516 ,603522290 
2024,조현병,경기,동두천시,여,122 ,7960 ,730059060 
2024,조현병,경기,부천시,남,0 ,0 ,0 
2024,조현병,경기,부천시,여,0 ,0 ,0 
2024,조현병,경기,부천소사구,남,285 ,11263 ,1419831750 
2024,조현병,경기,부천소사구,여,384 ,11992 ,1570545930 
2024,조현병,경기,부천오정구,남,47 ,6585 ,660449100 
2024,조현병,경기,부천오정구,여,105 ,11263 ,1124877160 
2024,조현병,경기,부천원미구,남,744 ,22790 ,2533192560 
2024,조현병,경기,부천원미구,여,1002 ,25524 ,2833940580 
2024,조현병,경기,성남수정구,남,399 ,17920 ,1794296870 
2024,조현병,경기,성남수정구,여,442 ,20389 ,2070975270 
2024,조현병,경기,성남중원구,남,171 ,3150 ,245766560 
2024,조현병,경기,성남중원구,여,211 ,2491 ,174067230 
2024,조현병,경기,성남분당구,남,768 ,6618 ,958604900 
2024,조현병,경기,성남분당구,여,1224 ,10384 ,1376557970 
2024,조현병,경기,수원권선구,남,170 ,6271 ,550348540 
2024,조현병,경기,수원권선구,여,187 ,4911 ,457445610 
2024,조현병,경기,수원장안구,남,204 ,7471 ,738891200 
2024,조현병,경기,수원장안구,여,272 ,10545 ,1018595800 
2024,조현병,경기,수원팔달구,남,572 ,8003 ,1060692790 
2024,조현병,경기,수원팔달구,여,957 ,19603 ,2392081630 
2024,조현병,경기,수원영통구,남,451 ,3845 ,451530070 
2024,조현병,경기,수원영통구,여,589 ,5080 ,632372960 
2024,조현병,경기,안양만안구,남,155 ,1541 ,100694770 
2024,조현병,경기,안양만안구,여,132 ,1597 ,109957420 
2024,조현병,경기,안양동안구,남,321 ,5125 ,527347530 
2024,조현병,경기,안양동안구,여,456 ,4989 ,506325980 
2024,조현병,경기,의정부시,남,846 ,33905 ,4045056610 
2024,조현병,경기,의정부시,여,1100 ,35233 ,4259875760 
2024,조현병,경기,과천시,남,10 ,129 ,7754980 
2024,조현병,경기,과천시,여,0 ,0 ,0 
2024,조현병,경기,구리시,남,249 ,5173 ,570661840 
2024,조현병,경기,구리시,여,345 ,6498 ,748561570 
2024,조현병,경기,안산단원구,남,434 ,16238 ,1858090640 
2024,조현병,경기,안산단원구,여,706 ,22105 ,2467382570 
2024,조현병,경기,안산상록구,남,481 ,13332 ,1061195320 
2024,조현병,경기,안산상록구,여,674 ,14121 ,1100048700 
2024,조현병,경기,평택시,남,426 ,6724 ,530234710 
2024,조현병,경기,평택시,여,678 ,12065 ,889475550 
2024,조현병,경기,하남시,남,85 ,729 ,65367710 
2024,조현병,경기,하남시,여,105 ,841 ,73488310 
2024,조현병,경기,군포시,남,82 ,2381 ,171319230 
2024,조현병,경기,군포시,여,149 ,3474 ,236835030 
2024,조현병,경기,남양주시,남,272 ,18124 ,1729321300 
2024,조현병,경기,남양주시,여,430 ,22398 ,2047367160 
2024,조현병,경기,의왕시,남,634 ,44603 ,5240527950 
2024,조현병,경기,의왕시,여,843 ,48491 ,5648903210 
2024,조현병,경기,시흥시,남,157 ,1581 ,120316980 
2024,조현병,경기,시흥시,여,251 ,2648 ,209751150 
2024,조현병,경기,오산시,남,160 ,4038 ,310120360 
2024,조현병,경기,오산시,여,198 ,6652 ,506802950 
2024,조현병,경기,고양덕양구,남,390 ,24090 ,2721663190 
2024,조현병,경기,고양덕양구,여,443 ,16350 ,1782819430 
2024,조현병,경기,고양일산서구,남,339 ,8794 ,846055430 
2024,조현병,경기,고양일산서구,여,465 ,5427 ,497267150 
2024,조현병,경기,고양일산동구,남,660 ,25575 ,3632271110 
2024,조현병,경기,고양일산동구,여,967 ,34365 ,4600901740 
2024,조현병,경기,용인기흥구,남,657 ,43951 ,4940429300 
2024,조현병,경기,용인기흥구,여,909 ,43337 ,5120391400 
2024,조현병,경기,용인수지구,남,72 ,711 ,31154000 
2024,조현병,경기,용인수지구,여,100 ,875 ,47961590 
2024,조현병,경기,용인처인구,남,156 ,12261 ,1167056780 
2024,조현병,경기,용인처인구,여,190 ,10851 ,1056269100 
2024,조현병,경기,이천시,남,205 ,6756 ,635502650 
2024,조현병,경기,이천시,여,271 ,6851 ,635539300 
2024,조현병,경기,파주시,남,110 ,4661 ,416254110 
2024,조현병,경기,파주시,여,180 ,8291 ,751750400 
2024,조현병,경기,김포시,남,398 ,24301 ,2486494120 
2024,조현병,경기,김포시,여,491 ,21166 ,2109685770 
2024,조현병,경기,안성시,남,172 ,11781 ,1126091030 
2024,조현병,경기,안성시,여,222 ,13000 ,1220997960 
2024,조현병,경기,화성시,남,420 ,26407 ,2558418120 
2024,조현병,경기,화성시,여,476 ,21853 ,1969448430 
2024,조현병,경기,광주시,남,92 ,895 ,87899070 
2024,조현병,경기,광주시,여,142 ,1449 ,121173070 
2024,조현병,경기,양주시,남,86 ,10949 ,1093522370 
2024,조현병,경기,양주시,여,111 ,10051 ,1008254030 
2024,조현병,경기,포천시,남,64 ,6891 ,682381430 
2024,조현병,경기,포천시,여,103 ,7398 ,717143020 
2024,조현병,경기,여주시,남,139 ,8006 ,619860080 
2024,조현병,경기,여주시,여,155 ,10179 ,765138700 
2024,조현병,강원,고성군,남,0 ,0 ,0 
2024,조현병,강원,고성군,여,0 ,0 ,0 
2024,조현병,강원,양구군,남,0 ,0 ,0 
2024,조현병,강원,양구군,여,0 ,0 ,0 
2024,조현병,강원,양양군,남,0 ,0 ,0 
2024,조현병,강원,양양군,여,0 ,0 ,0 
2024,조현병,강원,영월군,남,0 ,0 ,0 
2024,조현병,강원,영월군,여,0 ,0 ,0 
2024,조현병,강원,인제군,남,0 ,0 ,0 
2024,조현병,강원,인제군,여,0 ,0 ,0 
2024,조현병,강원,정선군,남,0 ,0 ,0 
2024,조현병,강원,정선군,여,0 ,0 ,0 
2024,조현병,강원,철원군,남,0 ,0 ,0 
2024,조현병,강원,철원군,여,0 ,0 ,0 
2024,조현병,강원,평창군,남,0 ,0 ,0 
2024,조현병,강원,평창군,여,0 ,0 ,0 
2024,조현병,강원,홍천군,남,13 ,169 ,5969860 
2024,조현병,강원,홍천군,여,23 ,284 ,9845180 
2024,조현병,강원,화천군,남,0 ,0 ,0 
2024,조현병,강원,화천군,여,0 ,0 ,0 
2024,조현병,강원,횡성군,남,0 ,0 ,0 
2024,조현병,강원,횡성군,여,0 ,0 ,0 
2024,조현병,강원,강릉시,남,355 ,9984 ,1061610680 
2024,조현병,강원,강릉시,여,445 ,8090 ,884471090 
2024,조현병,강원,동해시,남,99 ,1413 ,132912820 
2024,조현병,강원,동해시,여,131 ,1851 ,167223940 
2024,조현병,강원,속초시,남,40 ,1248 ,119046350 
2024,조현병,강원,속초시,여,45 ,748 ,50134280 
2024,조현병,강원,원주시,남,555 ,11435 ,1311132170 
2024,조현병,강원,원주시,여,699 ,11958 ,1335828830 
2024,조현병,강원,춘천시,남,475 ,20336 ,2020168220 
2024,조현병,강원,춘천시,여,544 ,19629 ,2027920800 
2024,조현병,강원,태백시,남,13 ,252 ,11922340 
2024,조현병,강원,태백시,여,16 ,321 ,14027290 
2024,조현병,강원,삼척시,남,26 ,292 ,17819250 
2024,조현병,강원,삼척시,여,51 ,488 ,32027470 
2024,조현병,충북,괴산군,남,30 ,3665 ,379260550 
2024,조현병,충북,괴산군,여,34 ,4274 ,447662370 
2024,조현병,충북,단양군,남,0 ,0 ,0 
2024,조현병,충북,단양군,여,0 ,0 ,0 
2024,조현병,충북,보은군,남,61 ,6311 ,588058200 
2024,조현병,충북,보은군,여,70 ,3524 ,319373130 
2024,조현병,충북,영동군,남,45 ,1872 ,181972840 
2024,조현병,충북,영동군,여,50 ,1352 ,89412660 
2024,조현병,충북,옥천군,남,28 ,477 ,27256410 
2024,조현병,충북,옥천군,여,18 ,264 ,12996630 
2024,조현병,충북,음성군,남,217 ,18648 ,1869762900 
2024,조현병,충북,음성군,여,155 ,15788 ,1541609570 
2024,조현병,충북,진천군,남,80 ,8945 ,753745570 
2024,조현병,충북,진천군,여,86 ,6599 ,597515810 
2024,조현병,충북,증평군,남,0 ,0 ,0 
2024,조현병,충북,증평군,여,0 ,0 ,0 
2024,조현병,충북,청주상당구,남,219 ,3110 ,255513980 
2024,조현병,충북,청주상당구,여,285 ,3499 ,276052170 
2024,조현병,충북,청주흥덕구,남,150 ,3778 ,309260130 
2024,조현병,충북,청주흥덕구,여,186 ,5111 ,392981220 
2024,조현병,충북,청주청원구,남,53 ,501 ,44834670 
2024,조현병,충북,청주청원구,여,84 ,638 ,52372140 
2024,조현병,충북,청주서원구,남,440 ,11227 ,1372627480 
2024,조현병,충북,청주서원구,여,619 ,15071 ,1854192400 
2024,조현병,충북,충주시,남,174 ,5467 ,525203810 
2024,조현병,충북,충주시,여,228 ,5665 ,520585160 
2024,조현병,충북,제천시,남,142 ,8685 ,906086120 
2024,조현병,충북,제천시,여,151 ,8610 ,861115580 
2024,조현병,충남,금산군,남,25 ,361 ,14970620 
2024,조현병,충남,금산군,여,26 ,290 ,13673830 
2024,조현병,충남,부여군,남,98 ,6980 ,605564080 
2024,조현병,충남,부여군,여,97 ,7585 ,677680390 
2024,조현병,충남,서천군,남,41 ,3888 ,364227320 
2024,조현병,충남,서천군,여,40 ,3302 ,300730740 
2024,조현병,충남,예산군,남,33 ,290 ,27065360 
2024,조현병,충남,예산군,여,41 ,331 ,26179600 
2024,조현병,충남,청양군,남,0 ,0 ,0 
2024,조현병,충남,청양군,여,0 ,0 ,0 
2024,조현병,충남,홍성군,남,195 ,6305 ,745287110 
2024,조현병,충남,홍성군,여,190 ,8888 ,1027460990 
2024,조현병,충남,태안군,남,13 ,87 ,2649870 
2024,조현병,충남,태안군,여,21 ,146 ,4311580 
2024,조현병,충남,천안서북구,남,308 ,10027 ,1004449450 
2024,조현병,충남,천안서북구,여,444 ,14087 ,1446838900 
2024,조현병,충남,천안동남구,남,489 ,11661 ,1356339620 
2024,조현병,충남,천안동남구,여,617 ,10788 ,1257422580 
2024,조현병,충남,공주시,남,295 ,8021 ,846092160 
2024,조현병,충남,공주시,여,300 ,9467 ,997649490 
2024,조현병,충남,보령시,남,85 ,4947 ,424292710 
2024,조현병,충남,보령시,여,115 ,4741 ,391806070 
2024,조현병,충남,아산시,남,355 ,18110 ,2012396870 
2024,조현병,충남,아산시,여,452 ,22022 ,2522054620 
2024,조현병,충남,서산시,남,89 ,1758 ,76265850 
2024,조현병,충남,서산시,여,113 ,2879 ,148719200 
2024,조현병,충남,논산시,남,149 ,7733 ,764798610 
2024,조현병,충남,논산시,여,119 ,5041 ,483160740 
2024,조현병,충남,계룡시,남,0 ,0 ,0 
2024,조현병,충남,계룡시,여,0 ,0 ,0 
2024,조현병,충남,당진시,남,94 ,1049 ,64142380 
2024,조현병,충남,당진시,여,116 ,1121 ,64209190 
2024,조현병,전북,고창군,남,26 ,235 ,7282180 
2024,조현병,전북,고창군,여,20 ,230 ,8752180 
2024,조현병,전북,무주군,남,0 ,0 ,0 
2024,조현병,전북,무주군,여,0 ,0 ,0 
2024,조현병,전북,부안군,남,30 ,270 ,12906370 
2024,조현병,전북,부안군,여,25 ,162 ,7462550 
2024,조현병,전북,순창군,남,0 ,0 ,0 
2024,조현병,전북,순창군,여,0 ,0 ,0 
2024,조현병,전북,완주군,남,247 ,14238 ,1812819450 
2024,조현병,전북,완주군,여,292 ,16468 ,2180627840 
2024,조현병,전북,임실군,남,11 ,685 ,56339850 
2024,조현병,전북,임실군,여,0 ,0 ,0 
2024,조현병,전북,장수군,남,0 ,0 ,0 
2024,조현병,전북,장수군,여,0 ,0 ,0 
2024,조현병,전북,진안군,남,0 ,0 ,0 
2024,조현병,전북,진안군,여,0 ,0 ,0 
2024,조현병,전북,군산시,남,176 ,1624 ,109616330 
2024,조현병,전북,군산시,여,279 ,2722 ,170969350 
2024,조현병,전북,남원시,남,109 ,5291 ,441354110 
2024,조현병,전북,남원시,여,114 ,3007 ,247997520 
2024,조현병,전북,익산시,남,317 ,3182 ,490322440 
2024,조현병,전북,익산시,여,352 ,3428 ,527744670 
2024,조현병,전북,전주완산구,남,282 ,2956 ,368659740 
2024,조현병,전북,전주완산구,여,339 ,3630 ,445056810 
2024,조현병,전북,전주덕진구,남,495 ,4797 ,571408560 
2024,조현병,전북,전주덕진구,여,639 ,6489 ,688823010 
2024,조현병,전북,정읍시,남,89 ,3061 ,260978070 
2024,조현병,전북,정읍시,여,79 ,1758 ,146392590 
2024,조현병,전북,김제시,남,294 ,29275 ,3209943580 
2024,조현병,전북,김제시,여,297 ,27931 ,3067662970 
2024,조현병,전남,강진군,남,21 ,107 ,12823150 
2024,조현병,전남,강진군,여,36 ,508 ,47091670 
2024,조현병,전남,고흥군,남,29 ,260 ,18524940 
2024,조현병,전남,고흥군,여,40 ,382 ,22015630 
2024,조현병,전남,곡성군,남,0 ,0 ,0 
2024,조현병,전남,곡성군,여,0 ,0 ,0 
2024,조현병,전남,구례군,남,0 ,0 ,0 
2024,조현병,전남,구례군,여,0 ,0 ,0 
2024,조현병,전남,담양군,남,122 ,17453 ,1841960840 
2024,조현병,전남,담양군,여,96 ,11989 ,1260077700 
2024,조현병,전남,무안군,남,39 ,1423 ,139229290 
2024,조현병,전남,무안군,여,42 ,1277 ,151476640 
2024,조현병,전남,보성군,남,85 ,7043 ,783422420 
2024,조현병,전남,보성군,여,68 ,5914 ,620558740 
2024,조현병,전남,신안군,남,0 ,0 ,0 
2024,조현병,전남,신안군,여,0 ,0 ,0 
2024,조현병,전남,영광군,남,102 ,9001 ,721855810 
2024,조현병,전남,영광군,여,105 ,7483 ,628010720 
2024,조현병,전남,영암군,남,28 ,3816 ,300901500 
2024,조현병,전남,영암군,여,21 ,1462 ,121516270 
2024,조현병,전남,완도군,남,0 ,0 ,0 
2024,조현병,전남,완도군,여,0 ,0 ,0 
2024,조현병,전남,장성군,남,26 ,1264 ,124518780 
2024,조현병,전남,장성군,여,40 ,2518 ,268100040 
2024,조현병,전남,장흥군,남,15 ,146 ,11373910 
2024,조현병,전남,장흥군,여,14 ,127 ,8909470 
2024,조현병,전남,진도군,남,0 ,0 ,0 
2024,조현병,전남,진도군,여,0 ,0 ,0 
2024,조현병,전남,함평군,남,11 ,108 ,14837770 
2024,조현병,전남,함평군,여,15 ,152 ,14393450 
2024,조현병,전남,해남군,남,121 ,4960 ,470916740 
2024,조현병,전남,해남군,여,135 ,4110 ,409012150 
2024,조현병,전남,화순군,남,143 ,14525 ,1540192500 
2024,조현병,전남,화순군,여,98 ,8009 ,882925860 
2024,조현병,전남,나주시,남,377 ,18680 ,1958578150 
2024,조현병,전남,나주시,여,430 ,14708 ,1553200980 
2024,조현병,전남,목포시,남,324 ,8691 ,1001698770 
2024,조현병,전남,목포시,여,408 ,7597 ,800856730 
2024,조현병,전남,순천시,남,327 ,10249 ,1172659440 
2024,조현병,전남,순천시,여,395 ,11515 ,1281841080 
2024,조현병,전남,여수시,남,162 ,1325 ,105903640 
2024,조현병,전남,여수시,여,245 ,2059 ,156869800 
2024,조현병,전남,광양시,남,38 ,346 ,27024160 
2024,조현병,전남,광양시,여,71 ,579 ,39873460 
2024,조현병,경북,고령군,남,0 ,0 ,0 
2024,조현병,경북,고령군,여,0 ,0 ,0 
2024,조현병,경북,군위군,남,0 ,0 ,0 
2024,조현병,경북,군위군,여,0 ,0 ,0 
2024,조현병,경북,봉화군,남,0 ,0 ,0 
2024,조현병,경북,봉화군,여,0 ,0 ,0 
2024,조현병,경북,성주군,남,0 ,0 ,0 
2024,조현병,경북,성주군,여,0 ,0 ,0 
2024,조현병,경북,영덕군,남,0 ,0 ,0 
2024,조현병,경북,영덕군,여,0 ,0 ,0 
2024,조현병,경북,영양군,남,0 ,0 ,0 
2024,조현병,경북,영양군,여,0 ,0 ,0 
2024,조현병,경북,예천군,남,0 ,0 ,0 
2024,조현병,경북,예천군,여,0 ,0 ,0 
2024,조현병,경북,울릉군,남,0 ,0 ,0 
2024,조현병,경북,울릉군,여,0 ,0 ,0 
2024,조현병,경북,울진군,남,13 ,91 ,1830850 
2024,조현병,경북,울진군,여,13 ,106 ,1963850 
2024,조현병,경북,의성군,남,19 ,1774 ,151730410 
2024,조현병,경북,의성군,여,12 ,1065 ,98686390 
2024,조현병,경북,청도군,남,42 ,7000 ,688036740 
2024,조현병,경북,청도군,여,25 ,3332 ,321972190 
2024,조현병,경북,청송군,남,65 ,7364 ,761508160 
2024,조현병,경북,청송군,여,26 ,1021 ,92536300 
2024,조현병,경북,칠곡군,남,131 ,16624 ,1516220310 
2024,조현병,경북,칠곡군,여,103 ,12991 ,1176909610 
2024,조현병,경북,경주시,남,278 ,7052 ,743577090 
2024,조현병,경북,경주시,여,321 ,10983 ,1197369080 
2024,조현병,경북,구미시,남,258 ,8519 ,829854790 
2024,조현병,경북,구미시,여,347 ,11467 ,1098578950 
2024,조현병,경북,김천시,남,217 ,19249 ,1740178000 
2024,조현병,경북,김천시,여,223 ,11013 ,987544690 
2024,조현병,경북,안동시,남,321 ,18736 ,1815529420 
2024,조현병,경북,안동시,여,347 ,13661 ,1261740030 
2024,조현병,경북,영주시,남,184 ,8903 ,807413350 
2024,조현병,경북,영주시,여,194 ,8135 ,720168950 
2024,조현병,경북,영천시,남,210 ,19464 ,2034939540 
2024,조현병,경북,영천시,여,211 ,15765 ,1692412360 
2024,조현병,경북,포항남구,남,100 ,762 ,64501660 
2024,조현병,경북,포항남구,여,119 ,796 ,66124280 
2024,조현병,경북,포항북구,남,454 ,21222 ,2038542600 
2024,조현병,경북,포항북구,여,555 ,18200 ,1730054050 
2024,조현병,경북,문경시,남,95 ,2014 ,221437080 
2024,조현병,경북,문경시,여,109 ,2534 ,277335310 
2024,조현병,경북,상주시,남,120 ,7351 ,604655000 
2024,조현병,경북,상주시,여,110 ,5781 ,504708110 
2024,조현병,경북,경산시,남,168 ,9697 ,1033508230 
2024,조현병,경북,경산시,여,210 ,13443 ,1374362400 
2024,조현병,경남,거창군,남,24 ,227 ,10150090 
2024,조현병,경남,거창군,여,32 ,177 ,5646220 
2024,조현병,경남,고성군,남,62 ,7144 ,804806390 
2024,조현병,경남,고성군,여,65 ,3687 ,427220470 
2024,조현병,경남,남해군,남,0 ,0 ,0 
2024,조현병,경남,남해군,여,0 ,0 ,0 
2024,조현병,경남,산청군,남,0 ,0 ,0 
2024,조현병,경남,산청군,여,0 ,0 ,0 
2024,조현병,경남,의령군,남,42 ,5785 ,566824450 
2024,조현병,경남,의령군,여,30 ,1827 ,180955320 
2024,조현병,경남,창녕군,남,195 ,8716 ,895214720 
2024,조현병,경남,창녕군,여,219 ,7698 ,770586680 
2024,조현병,경남,하동군,남,55 ,5514 ,529627440 
2024,조현병,경남,하동군,여,77 ,6357 ,644855280 
2024,조현병,경남,함안군,남,39 ,3913 ,382737630 
2024,조현병,경남,함안군,여,51 ,7970 ,806519190 
2024,조현병,경남,함양군,남,50 ,304 ,18563160 
2024,조현병,경남,함양군,여,69 ,360 ,24134130 
2024,조현병,경남,합천군,남,46 ,6403 ,498690820 
2024,조현병,경남,합천군,여,36 ,3330 ,258174740 
2024,조현병,경남,김해시,남,400 ,31113 ,3042434730 
2024,조현병,경남,김해시,여,462 ,23201 ,2314510990 
2024,조현병,경남,사천시,남,158 ,11009 ,1041394490 
2024,조현병,경남,사천시,여,159 ,15979 ,1547900280 
2024,조현병,경남,진주시,남,471 ,14982 ,1426005060 
2024,조현병,경남,진주시,여,549 ,14877 ,1473783380 
2024,조현병,경남,창원마산회원구,남,439 ,18989 ,1962729560 
2024,조현병,경남,창원마산회원구,여,471 ,21121 ,2086286680 
2024,조현병,경남,창원마산합포구,남,154 ,9159 ,924324070 
2024,조현병,경남,창원마산합포구,여,170 ,7125 ,644429980 
2024,조현병,경남,창원진해구,남,90 ,6130 ,536151210 
2024,조현병,경남,창원진해구,여,134 ,5940 ,507690410 
2024,조현병,경남,창원의창구,남,67 ,460 ,43921550 
2024,조현병,경남,창원의창구,여,113 ,819 ,99635960 
2024,조현병,경남,창원성산구,남,169 ,1735 ,169271120 
2024,조현병,경남,창원성산구,여,223 ,2339 ,266828300 
2024,조현병,경남,통영시,남,68 ,3453 ,329926680 
2024,조현병,경남,통영시,여,104 ,3523 ,309065900 
2024,조현병,경남,밀양시,남,89 ,4320 ,428000890 
2024,조현병,경남,밀양시,여,87 ,2862 ,276137620 
2024,조현병,경남,거제시,남,155 ,5273 ,432937000 
2024,조현병,경남,거제시,여,185 ,4797 ,395962090 
2024,조현병,경남,양산시,남,519 ,35494 ,3798950100 
2024,조현병,경남,양산시,여,562 ,28485 ,3040311200 
2024,조현병,제주,서귀포시,남,115 ,1465 ,79405980 
2024,조현병,제주,서귀포시,여,122 ,1447 ,85350310 
2024,조현병,제주,제주시,남,562 ,14407 ,1403736640 
2024,조현병,제주,제주시,여,655 ,16818 ,1756522950 
2024,조현병,세종,세종시,남,174 ,4675 ,409832340 
2024,조현병,세종,세종시,여,208 ,4105 ,359915900 
